dataset,method,canonical_method,relation_channel_spec,edge_score_strategy,graph_seed,training_seed,semantic_structural_storage_ratio,test_micro_f1,test_macro_f1,validation_micro_f1,validation_macro_f1,success,status,failed_reason
DBLP,H6-dirskel-AP50-PA00-PV100-VP00-PTTP00-random,H6-dirskel-AP50-PA00-PV100-VP00-PTTP00-random,AP50-PA00-PV100-VP00-PTTP00,random_edge_within_relation,1,1,,,,,,False,planned,
DBLP,H6-dirskel-AP50-PA00-PV100-VP00-PTTP00-random,H6-dirskel-AP50-PA00-PV100-VP00-PTTP00-random,AP50-PA00-PV100-VP00-PTTP00,random_edge_within_relation,1,2,,,,,,False,planned,
DBLP,H6-dirskel-AP50-PA00-PV100-VP00-PTTP00-random,H6-dirskel-AP50-PA00-PV100-VP00-PTTP00-random,AP50-PA00-PV100-VP00-PTTP00,random_edge_within_relation,1,3,,,,,,False,planned,
DBLP,H6-dirskel-AP50-PA00-PV100-VP00-PTTP00-random,H6-dirskel-AP50-PA00-PV100-VP00-PTTP00-random,AP50-PA00-PV100-VP00-PTTP00,random_edge_within_relation,2,1,,,,,,False,planned,
DBLP,H6-dirskel-AP50-PA00-PV100-VP00-PTTP00-random,H6-dirskel-AP50-PA00-PV100-VP00-PTTP00-random,AP50-PA00-PV100-VP00-PTTP00,random_edge_within_relation,2,2,,,,,,False,planned,
DBLP,H6-dirskel-AP50-PA00-PV100-VP00-PTTP00-random,H6-dirskel-AP50-PA00-PV100-VP00-PTTP00-random,AP50-PA00-PV100-VP00-PTTP00,random_edge_within_relation,2,3,,,,,,False,planned,
DBLP,H6-dirskel-AP50-PA00-PV100-VP00-PTTP00-random,H6-dirskel-AP50-PA00-PV100-VP00-PTTP00-random,AP50-PA00-PV100-VP00-PTTP00,random_edge_within_relation,3,1,,,,,,False,planned,
DBLP,H6-dirskel-AP50-PA00-PV100-VP00-PTTP00-random,H6-dirskel-AP50-PA00-PV100-VP00-PTTP00-random,AP50-PA00-PV100-VP00-PTTP00,random_edge_within_relation,3,2,,,,,,False,planned,
DBLP,H6-dirskel-AP50-PA00-PV100-VP00-PTTP00-random,H6-dirskel-AP50-PA00-PV100-VP00-PTTP00-random,AP50-PA00-PV100-VP00-PTTP00,random_edge_within_relation,3,3,,,,,,False,planned,
DBLP,H6-dirskel-AP50-PA00-PV100-VP00-PTTP00-degree,H6-dirskel-AP50-PA00-PV100-VP00-PTTP00-degree,AP50-PA00-PV100-VP00-PTTP00,degree_within_relation,1,1,,,,,,False,planned,
DBLP,H6-dirskel-AP50-PA00-PV100-VP00-PTTP00-degree,H6-dirskel-AP50-PA00-PV100-VP00-PTTP00-degree,AP50-PA00-PV100-VP00-PTTP00,degree_within_relation,1,2,,,,,,False,planned,
DBLP,H6-dirskel-AP50-PA00-PV100-VP00-PTTP00-degree,H6-dirskel-AP50-PA00-PV100-VP00-PTTP00-degree,AP50-PA00-PV100-VP00-PTTP00,degree_within_relation,1,3,,,,,,False,planned,
DBLP,H6-dirskel-AP50-PA00-PV100-VP00-PTTP00-degree,H6-dirskel-AP50-PA00-PV100-VP00-PTTP00-degree,AP50-PA00-PV100-VP00-PTTP00,degree_within_relation,2,1,,,,,,False,planned,
DBLP,H6-dirskel-AP50-PA00-PV100-VP00-PTTP00-degree,H6-dirskel-AP50-PA00-PV100-VP00-PTTP00-degree,AP50-PA00-PV100-VP00-PTTP00,degree_within_relation,2,2,,,,,,False,planned,
DBLP,H6-dirskel-AP50-PA00-PV100-VP00-PTTP00-degree,H6-dirskel-AP50-PA00-PV100-VP00-PTTP00-degree,AP50-PA00-PV100-VP00-PTTP00,degree_within_relation,2,3,,,,,,False,planned,
DBLP,H6-dirskel-AP50-PA00-PV100-VP00-PTTP00-degree,H6-dirskel-AP50-PA00-PV100-VP00-PTTP00-degree,AP50-PA00-PV100-VP00-PTTP00,degree_within_relation,3,1,,,,,,False,planned,
DBLP,H6-dirskel-AP50-PA00-PV100-VP00-PTTP00-degree,H6-dirskel-AP50-PA00-PV100-VP00-PTTP00-degree,AP50-PA00-PV100-VP00-PTTP00,degree_within_relation,3,2,,,,,,False,planned,
DBLP,H6-dirskel-AP50-PA00-PV100-VP00-PTTP00-degree,H6-dirskel-AP50-PA00-PV100-VP00-PTTP00-degree,AP50-PA00-PV100-VP00-PTTP00,degree_within_relation,3,3,,,,,,False,planned,
DBLP,H6-dirskel-AP50-PA00-PV100-VP00-PTTP00-pathaware-v2-topk,H6-dirskel-AP50-PA00-PV100-VP00-PTTP00-pathaware-v2-topk,AP50-PA00-PV100-VP00-PTTP00,pathaware_v2_topk,1,1,,,,,,False,planned,
DBLP,H6-dirskel-AP50-PA00-PV100-VP00-PTTP00-pathaware-v2-topk,H6-dirskel-AP50-PA00-PV100-VP00-PTTP00-pathaware-v2-topk,AP50-PA00-PV100-VP00-PTTP00,pathaware_v2_topk,1,2,,,,,,False,planned,
DBLP,H6-dirskel-AP50-PA00-PV100-VP00-PTTP00-pathaware-v2-topk,H6-dirskel-AP50-PA00-PV100-VP00-PTTP00-pathaware-v2-topk,AP50-PA00-PV100-VP00-PTTP00,pathaware_v2_topk,1,3,,,,,,False,planned,
DBLP,H6-dirskel-AP50-PA00-PV100-VP00-PTTP00-pathaware-v2-topk,H6-dirskel-AP50-PA00-PV100-VP00-PTTP00-pathaware-v2-topk,AP50-PA00-PV100-VP00-PTTP00,pathaware_v2_topk,2,1,,,,,,False,planned,
DBLP,H6-dirskel-AP50-PA00-PV100-VP00-PTTP00-pathaware-v2-topk,H6-dirskel-AP50-PA00-PV100-VP00-PTTP00-pathaware-v2-topk,AP50-PA00-PV100-VP00-PTTP00,pathaware_v2_topk,2,2,,,,,,False,planned,
DBLP,H6-dirskel-AP50-PA00-PV100-VP00-PTTP00-pathaware-v2-topk,H6-dirskel-AP50-PA00-PV100-VP00-PTTP00-pathaware-v2-topk,AP50-PA00-PV100-VP00-PTTP00,pathaware_v2_topk,2,3,,,,,,False,planned,
DBLP,H6-dirskel-AP50-PA00-PV100-VP00-PTTP00-pathaware-v2-topk,H6-dirskel-AP50-PA00-PV100-VP00-PTTP00-pathaware-v2-topk,AP50-PA00-PV100-VP00-PTTP00,pathaware_v2_topk,3,1,,,,,,False,planned,
DBLP,H6-dirskel-AP50-PA00-PV100-VP00-PTTP00-pathaware-v2-topk,H6-dirskel-AP50-PA00-PV100-VP00-PTTP00-pathaware-v2-topk,AP50-PA00-PV100-VP00-PTTP00,pathaware_v2_topk,3,2,,,,,,False,planned,
DBLP,H6-dirskel-AP50-PA00-PV100-VP00-PTTP00-pathaware-v2-topk,H6-dirskel-AP50-PA00-PV100-VP00-PTTP00-pathaware-v2-topk,AP50-PA00-PV100-VP00-PTTP00,pathaware_v2_topk,3,3,,,,,,False,planned,
DBLP,H6-dirskel-AP50-PA00-PV100-VP00-PTTP00-pathaware-v2-stratified,H6-dirskel-AP50-PA00-PV100-VP00-PTTP00-pathaware-v2-stratified,AP50-PA00-PV100-VP00-PTTP00,pathaware_v2_stratified,1,1,,,,,,False,planned,
DBLP,H6-dirskel-AP50-PA00-PV100-VP00-PTTP00-pathaware-v2-stratified,H6-dirskel-AP50-PA00-PV100-VP00-PTTP00-pathaware-v2-stratified,AP50-PA00-PV100-VP00-PTTP00,pathaware_v2_stratified,1,2,,,,,,False,planned,
DBLP,H6-dirskel-AP50-PA00-PV100-VP00-PTTP00-pathaware-v2-stratified,H6-dirskel-AP50-PA00-PV100-VP00-PTTP00-pathaware-v2-stratified,AP50-PA00-PV100-VP00-PTTP00,pathaware_v2_stratified,1,3,,,,,,False,planned,
DBLP,H6-dirskel-AP50-PA00-PV100-VP00-PTTP00-pathaware-v2-stratified,H6-dirskel-AP50-PA00-PV100-VP00-PTTP00-pathaware-v2-stratified,AP50-PA00-PV100-VP00-PTTP00,pathaware_v2_stratified,2,1,,,,,,False,planned,
DBLP,H6-dirskel-AP50-PA00-PV100-VP00-PTTP00-pathaware-v2-stratified,H6-dirskel-AP50-PA00-PV100-VP00-PTTP00-pathaware-v2-stratified,AP50-PA00-PV100-VP00-PTTP00,pathaware_v2_stratified,2,2,,,,,,False,planned,
DBLP,H6-dirskel-AP50-PA00-PV100-VP00-PTTP00-pathaware-v2-stratified,H6-dirskel-AP50-PA00-PV100-VP00-PTTP00-pathaware-v2-stratified,AP50-PA00-PV100-VP00-PTTP00,pathaware_v2_stratified,2,3,,,,,,False,planned,
DBLP,H6-dirskel-AP50-PA00-PV100-VP00-PTTP00-pathaware-v2-stratified,H6-dirskel-AP50-PA00-PV100-VP00-PTTP00-pathaware-v2-stratified,AP50-PA00-PV100-VP00-PTTP00,pathaware_v2_stratified,3,1,,,,,,False,planned,
DBLP,H6-dirskel-AP50-PA00-PV100-VP00-PTTP00-pathaware-v2-stratified,H6-dirskel-AP50-PA00-PV100-VP00-PTTP00-pathaware-v2-stratified,AP50-PA00-PV100-VP00-PTTP00,pathaware_v2_stratified,3,2,,,,,,False,planned,
DBLP,H6-dirskel-AP50-PA00-PV100-VP00-PTTP00-pathaware-v2-stratified,H6-dirskel-AP50-PA00-PV100-VP00-PTTP00-pathaware-v2-stratified,AP50-PA00-PV100-VP00-PTTP00,pathaware_v2_stratified,3,3,,,,,,False,planned,
DBLP,H6-dirskel-AP50-PA00-PV100-VP00-PTTP00-coverage,H6-dirskel-AP50-PA00-PV100-VP00-PTTP00-coverage,AP50-PA00-PV100-VP00-PTTP00,coverage_sampler,1,1,,,,,,False,planned,
DBLP,H6-dirskel-AP50-PA00-PV100-VP00-PTTP00-coverage,H6-dirskel-AP50-PA00-PV100-VP00-PTTP00-coverage,AP50-PA00-PV100-VP00-PTTP00,coverage_sampler,1,2,,,,,,False,planned,
DBLP,H6-dirskel-AP50-PA00-PV100-VP00-PTTP00-coverage,H6-dirskel-AP50-PA00-PV100-VP00-PTTP00-coverage,AP50-PA00-PV100-VP00-PTTP00,coverage_sampler,1,3,,,,,,False,planned,
DBLP,H6-dirskel-AP50-PA00-PV100-VP00-PTTP00-coverage,H6-dirskel-AP50-PA00-PV100-VP00-PTTP00-coverage,AP50-PA00-PV100-VP00-PTTP00,coverage_sampler,2,1,,,,,,False,planned,
DBLP,H6-dirskel-AP50-PA00-PV100-VP00-PTTP00-coverage,H6-dirskel-AP50-PA00-PV100-VP00-PTTP00-coverage,AP50-PA00-PV100-VP00-PTTP00,coverage_sampler,2,2,,,,,,False,planned,
DBLP,H6-dirskel-AP50-PA00-PV100-VP00-PTTP00-coverage,H6-dirskel-AP50-PA00-PV100-VP00-PTTP00-coverage,AP50-PA00-PV100-VP00-PTTP00,coverage_sampler,2,3,,,,,,False,planned,
DBLP,H6-dirskel-AP50-PA00-PV100-VP00-PTTP00-coverage,H6-dirskel-AP50-PA00-PV100-VP00-PTTP00-coverage,AP50-PA00-PV100-VP00-PTTP00,coverage_sampler,3,1,,,,,,False,planned,
DBLP,H6-dirskel-AP50-PA00-PV100-VP00-PTTP00-coverage,H6-dirskel-AP50-PA00-PV100-VP00-PTTP00-coverage,AP50-PA00-PV100-VP00-PTTP00,coverage_sampler,3,2,,,,,,False,planned,
DBLP,H6-dirskel-AP50-PA00-PV100-VP00-PTTP00-coverage,H6-dirskel-AP50-PA00-PV100-VP00-PTTP00-coverage,AP50-PA00-PV100-VP00-PTTP00,coverage_sampler,3,3,,,,,,False,planned,
DBLP,H6-dirskel-AP30-PA00-PV100-VP00-PTTP00-random,H6-dirskel-AP30-PA00-PV100-VP00-PTTP00-random,AP30-PA00-PV100-VP00-PTTP00,random_edge_within_relation,1,1,,,,,,False,planned,
DBLP,H6-dirskel-AP30-PA00-PV100-VP00-PTTP00-random,H6-dirskel-AP30-PA00-PV100-VP00-PTTP00-random,AP30-PA00-PV100-VP00-PTTP00,random_edge_within_relation,1,2,,,,,,False,planned,
DBLP,H6-dirskel-AP30-PA00-PV100-VP00-PTTP00-random,H6-dirskel-AP30-PA00-PV100-VP00-PTTP00-random,AP30-PA00-PV100-VP00-PTTP00,random_edge_within_relation,1,3,,,,,,False,planned,
DBLP,H6-dirskel-AP30-PA00-PV100-VP00-PTTP00-random,H6-dirskel-AP30-PA00-PV100-VP00-PTTP00-random,AP30-PA00-PV100-VP00-PTTP00,random_edge_within_relation,2,1,,,,,,False,planned,
DBLP,H6-dirskel-AP30-PA00-PV100-VP00-PTTP00-random,H6-dirskel-AP30-PA00-PV100-VP00-PTTP00-random,AP30-PA00-PV100-VP00-PTTP00,random_edge_within_relation,2,2,,,,,,False,planned,
DBLP,H6-dirskel-AP30-PA00-PV100-VP00-PTTP00-random,H6-dirskel-AP30-PA00-PV100-VP00-PTTP00-random,AP30-PA00-PV100-VP00-PTTP00,random_edge_within_relation,2,3,,,,,,False,planned,
DBLP,H6-dirskel-AP30-PA00-PV100-VP00-PTTP00-random,H6-dirskel-AP30-PA00-PV100-VP00-PTTP00-random,AP30-PA00-PV100-VP00-PTTP00,random_edge_within_relation,3,1,,,,,,False,planned,
DBLP,H6-dirskel-AP30-PA00-PV100-VP00-PTTP00-random,H6-dirskel-AP30-PA00-PV100-VP00-PTTP00-random,AP30-PA00-PV100-VP00-PTTP00,random_edge_within_relation,3,2,,,,,,False,planned,
DBLP,H6-dirskel-AP30-PA00-PV100-VP00-PTTP00-random,H6-dirskel-AP30-PA00-PV100-VP00-PTTP00-random,AP30-PA00-PV100-VP00-PTTP00,random_edge_within_relation,3,3,,,,,,False,planned,
DBLP,H6-dirskel-AP30-PA00-PV100-VP00-PTTP00-degree,H6-dirskel-AP30-PA00-PV100-VP00-PTTP00-degree,AP30-PA00-PV100-VP00-PTTP00,degree_within_relation,1,1,,,,,,False,planned,
DBLP,H6-dirskel-AP30-PA00-PV100-VP00-PTTP00-degree,H6-dirskel-AP30-PA00-PV100-VP00-PTTP00-degree,AP30-PA00-PV100-VP00-PTTP00,degree_within_relation,1,2,,,,,,False,planned,
DBLP,H6-dirskel-AP30-PA00-PV100-VP00-PTTP00-degree,H6-dirskel-AP30-PA00-PV100-VP00-PTTP00-degree,AP30-PA00-PV100-VP00-PTTP00,degree_within_relation,1,3,,,,,,False,planned,
DBLP,H6-dirskel-AP30-PA00-PV100-VP00-PTTP00-degree,H6-dirskel-AP30-PA00-PV100-VP00-PTTP00-degree,AP30-PA00-PV100-VP00-PTTP00,degree_within_relation,2,1,,,,,,False,planned,
DBLP,H6-dirskel-AP30-PA00-PV100-VP00-PTTP00-degree,H6-dirskel-AP30-PA00-PV100-VP00-PTTP00-degree,AP30-PA00-PV100-VP00-PTTP00,degree_within_relation,2,2,,,,,,False,planned,
DBLP,H6-dirskel-AP30-PA00-PV100-VP00-PTTP00-degree,H6-dirskel-AP30-PA00-PV100-VP00-PTTP00-degree,AP30-PA00-PV100-VP00-PTTP00,degree_within_relation,2,3,,,,,,False,planned,
DBLP,H6-dirskel-AP30-PA00-PV100-VP00-PTTP00-degree,H6-dirskel-AP30-PA00-PV100-VP00-PTTP00-degree,AP30-PA00-PV100-VP00-PTTP00,degree_within_relation,3,1,,,,,,False,planned,
DBLP,H6-dirskel-AP30-PA00-PV100-VP00-PTTP00-degree,H6-dirskel-AP30-PA00-PV100-VP00-PTTP00-degree,AP30-PA00-PV100-VP00-PTTP00,degree_within_relation,3,2,,,,,,False,planned,
DBLP,H6-dirskel-AP30-PA00-PV100-VP00-PTTP00-degree,H6-dirskel-AP30-PA00-PV100-VP00-PTTP00-degree,AP30-PA00-PV100-VP00-PTTP00,degree_within_relation,3,3,,,,,,False,planned,
DBLP,H6-dirskel-AP30-PA00-PV100-VP00-PTTP00-pathaware-v2-topk,H6-dirskel-AP30-PA00-PV100-VP00-PTTP00-pathaware-v2-topk,AP30-PA00-PV100-VP00-PTTP00,pathaware_v2_topk,1,1,,,,,,False,planned,
DBLP,H6-dirskel-AP30-PA00-PV100-VP00-PTTP00-pathaware-v2-topk,H6-dirskel-AP30-PA00-PV100-VP00-PTTP00-pathaware-v2-topk,AP30-PA00-PV100-VP00-PTTP00,pathaware_v2_topk,1,2,,,,,,False,planned,
DBLP,H6-dirskel-AP30-PA00-PV100-VP00-PTTP00-pathaware-v2-topk,H6-dirskel-AP30-PA00-PV100-VP00-PTTP00-pathaware-v2-topk,AP30-PA00-PV100-VP00-PTTP00,pathaware_v2_topk,1,3,,,,,,False,planned,
DBLP,H6-dirskel-AP30-PA00-PV100-VP00-PTTP00-pathaware-v2-topk,H6-dirskel-AP30-PA00-PV100-VP00-PTTP00-pathaware-v2-topk,AP30-PA00-PV100-VP00-PTTP00,pathaware_v2_topk,2,1,,,,,,False,planned,
DBLP,H6-dirskel-AP30-PA00-PV100-VP00-PTTP00-pathaware-v2-topk,H6-dirskel-AP30-PA00-PV100-VP00-PTTP00-pathaware-v2-topk,AP30-PA00-PV100-VP00-PTTP00,pathaware_v2_topk,2,2,,,,,,False,planned,
DBLP,H6-dirskel-AP30-PA00-PV100-VP00-PTTP00-pathaware-v2-topk,H6-dirskel-AP30-PA00-PV100-VP00-PTTP00-pathaware-v2-topk,AP30-PA00-PV100-VP00-PTTP00,pathaware_v2_topk,2,3,,,,,,False,planned,
DBLP,H6-dirskel-AP30-PA00-PV100-VP00-PTTP00-pathaware-v2-topk,H6-dirskel-AP30-PA00-PV100-VP00-PTTP00-pathaware-v2-topk,AP30-PA00-PV100-VP00-PTTP00,pathaware_v2_topk,3,1,,,,,,False,planned,
DBLP,H6-dirskel-AP30-PA00-PV100-VP00-PTTP00-pathaware-v2-topk,H6-dirskel-AP30-PA00-PV100-VP00-PTTP00-pathaware-v2-topk,AP30-PA00-PV100-VP00-PTTP00,pathaware_v2_topk,3,2,,,,,,False,planned,
DBLP,H6-dirskel-AP30-PA00-PV100-VP00-PTTP00-pathaware-v2-topk,H6-dirskel-AP30-PA00-PV100-VP00-PTTP00-pathaware-v2-topk,AP30-PA00-PV100-VP00-PTTP00,pathaware_v2_topk,3,3,,,,,,False,planned,
DBLP,H6-dirskel-AP30-PA00-PV100-VP00-PTTP00-pathaware-v2-stratified,H6-dirskel-AP30-PA00-PV100-VP00-PTTP00-pathaware-v2-stratified,AP30-PA00-PV100-VP00-PTTP00,pathaware_v2_stratified,1,1,,,,,,False,planned,
DBLP,H6-dirskel-AP30-PA00-PV100-VP00-PTTP00-pathaware-v2-stratified,H6-dirskel-AP30-PA00-PV100-VP00-PTTP00-pathaware-v2-stratified,AP30-PA00-PV100-VP00-PTTP00,pathaware_v2_stratified,1,2,,,,,,False,planned,
DBLP,H6-dirskel-AP30-PA00-PV100-VP00-PTTP00-pathaware-v2-stratified,H6-dirskel-AP30-PA00-PV100-VP00-PTTP00-pathaware-v2-stratified,AP30-PA00-PV100-VP00-PTTP00,pathaware_v2_stratified,1,3,,,,,,False,planned,
DBLP,H6-dirskel-AP30-PA00-PV100-VP00-PTTP00-pathaware-v2-stratified,H6-dirskel-AP30-PA00-PV100-VP00-PTTP00-pathaware-v2-stratified,AP30-PA00-PV100-VP00-PTTP00,pathaware_v2_stratified,2,1,,,,,,False,planned,
DBLP,H6-dirskel-AP30-PA00-PV100-VP00-PTTP00-pathaware-v2-stratified,H6-dirskel-AP30-PA00-PV100-VP00-PTTP00-pathaware-v2-stratified,AP30-PA00-PV100-VP00-PTTP00,pathaware_v2_stratified,2,2,,,,,,False,planned,
DBLP,H6-dirskel-AP30-PA00-PV100-VP00-PTTP00-pathaware-v2-stratified,H6-dirskel-AP30-PA00-PV100-VP00-PTTP00-pathaware-v2-stratified,AP30-PA00-PV100-VP00-PTTP00,pathaware_v2_stratified,2,3,,,,,,False,planned,
DBLP,H6-dirskel-AP30-PA00-PV100-VP00-PTTP00-pathaware-v2-stratified,H6-dirskel-AP30-PA00-PV100-VP00-PTTP00-pathaware-v2-stratified,AP30-PA00-PV100-VP00-PTTP00,pathaware_v2_stratified,3,1,,,,,,False,planned,
DBLP,H6-dirskel-AP30-PA00-PV100-VP00-PTTP00-pathaware-v2-stratified,H6-dirskel-AP30-PA00-PV100-VP00-PTTP00-pathaware-v2-stratified,AP30-PA00-PV100-VP00-PTTP00,pathaware_v2_stratified,3,2,,,,,,False,planned,
DBLP,H6-dirskel-AP30-PA00-PV100-VP00-PTTP00-pathaware-v2-stratified,H6-dirskel-AP30-PA00-PV100-VP00-PTTP00-pathaware-v2-stratified,AP30-PA00-PV100-VP00-PTTP00,pathaware_v2_stratified,3,3,,,,,,False,planned,
DBLP,H6-dirskel-AP30-PA00-PV100-VP00-PTTP00-coverage,H6-dirskel-AP30-PA00-PV100-VP00-PTTP00-coverage,AP30-PA00-PV100-VP00-PTTP00,coverage_sampler,1,1,,,,,,False,planned,
DBLP,H6-dirskel-AP30-PA00-PV100-VP00-PTTP00-coverage,H6-dirskel-AP30-PA00-PV100-VP00-PTTP00-coverage,AP30-PA00-PV100-VP00-PTTP00,coverage_sampler,1,2,,,,,,False,planned,
DBLP,H6-dirskel-AP30-PA00-PV100-VP00-PTTP00-coverage,H6-dirskel-AP30-PA00-PV100-VP00-PTTP00-coverage,AP30-PA00-PV100-VP00-PTTP00,coverage_sampler,1,3,,,,,,False,planned,
DBLP,H6-dirskel-AP30-PA00-PV100-VP00-PTTP00-coverage,H6-dirskel-AP30-PA00-PV100-VP00-PTTP00-coverage,AP30-PA00-PV100-VP00-PTTP00,coverage_sampler,2,1,,,,,,False,planned,
DBLP,H6-dirskel-AP30-PA00-PV100-VP00-PTTP00-coverage,H6-dirskel-AP30-PA00-PV100-VP00-PTTP00-coverage,AP30-PA00-PV100-VP00-PTTP00,coverage_sampler,2,2,,,,,,False,planned,
DBLP,H6-dirskel-AP30-PA00-PV100-VP00-PTTP00-coverage,H6-dirskel-AP30-PA00-PV100-VP00-PTTP00-coverage,AP30-PA00-PV100-VP00-PTTP00,coverage_sampler,2,3,,,,,,False,planned,
DBLP,H6-dirskel-AP30-PA00-PV100-VP00-PTTP00-coverage,H6-dirskel-AP30-PA00-PV100-VP00-PTTP00-coverage,AP30-PA00-PV100-VP00-PTTP00,coverage_sampler,3,1,,,,,,False,planned,
DBLP,H6-dirskel-AP30-PA00-PV100-VP00-PTTP00-coverage,H6-dirskel-AP30-PA00-PV100-VP00-PTTP00-coverage,AP30-PA00-PV100-VP00-PTTP00,coverage_sampler,3,2,,,,,,False,planned,
DBLP,H6-dirskel-AP30-PA00-PV100-VP00-PTTP00-coverage,H6-dirskel-AP30-PA00-PV100-VP00-PTTP00-coverage,AP30-PA00-PV100-VP00-PTTP00,coverage_sampler,3,3,,,,,,False,planned,
DBLP,H6-dirskel-AP10-PA00-PV100-VP00-PTTP00-random,H6-dirskel-AP10-PA00-PV100-VP00-PTTP00-random,AP10-PA00-PV100-VP00-PTTP00,random_edge_within_relation,1,1,,,,,,False,planned,
DBLP,H6-dirskel-AP10-PA00-PV100-VP00-PTTP00-random,H6-dirskel-AP10-PA00-PV100-VP00-PTTP00-random,AP10-PA00-PV100-VP00-PTTP00,random_edge_within_relation,1,2,,,,,,False,planned,
DBLP,H6-dirskel-AP10-PA00-PV100-VP00-PTTP00-random,H6-dirskel-AP10-PA00-PV100-VP00-PTTP00-random,AP10-PA00-PV100-VP00-PTTP00,random_edge_within_relation,1,3,,,,,,False,planned,
DBLP,H6-dirskel-AP10-PA00-PV100-VP00-PTTP00-random,H6-dirskel-AP10-PA00-PV100-VP00-PTTP00-random,AP10-PA00-PV100-VP00-PTTP00,random_edge_within_relation,2,1,,,,,,False,planned,
DBLP,H6-dirskel-AP10-PA00-PV100-VP00-PTTP00-random,H6-dirskel-AP10-PA00-PV100-VP00-PTTP00-random,AP10-PA00-PV100-VP00-PTTP00,random_edge_within_relation,2,2,,,,,,False,planned,
DBLP,H6-dirskel-AP10-PA00-PV100-VP00-PTTP00-random,H6-dirskel-AP10-PA00-PV100-VP00-PTTP00-random,AP10-PA00-PV100-VP00-PTTP00,random_edge_within_relation,2,3,,,,,,False,planned,
DBLP,H6-dirskel-AP10-PA00-PV100-VP00-PTTP00-random,H6-dirskel-AP10-PA00-PV100-VP00-PTTP00-random,AP10-PA00-PV100-VP00-PTTP00,random_edge_within_relation,3,1,,,,,,False,planned,
DBLP,H6-dirskel-AP10-PA00-PV100-VP00-PTTP00-random,H6-dirskel-AP10-PA00-PV100-VP00-PTTP00-random,AP10-PA00-PV100-VP00-PTTP00,random_edge_within_relation,3,2,,,,,,False,planned,
DBLP,H6-dirskel-AP10-PA00-PV100-VP00-PTTP00-random,H6-dirskel-AP10-PA00-PV100-VP00-PTTP00-random,AP10-PA00-PV100-VP00-PTTP00,random_edge_within_relation,3,3,,,,,,False,planned,
DBLP,H6-dirskel-AP10-PA00-PV100-VP00-PTTP00-degree,H6-dirskel-AP10-PA00-PV100-VP00-PTTP00-degree,AP10-PA00-PV100-VP00-PTTP00,degree_within_relation,1,1,,,,,,False,planned,
DBLP,H6-dirskel-AP10-PA00-PV100-VP00-PTTP00-degree,H6-dirskel-AP10-PA00-PV100-VP00-PTTP00-degree,AP10-PA00-PV100-VP00-PTTP00,degree_within_relation,1,2,,,,,,False,planned,
DBLP,H6-dirskel-AP10-PA00-PV100-VP00-PTTP00-degree,H6-dirskel-AP10-PA00-PV100-VP00-PTTP00-degree,AP10-PA00-PV100-VP00-PTTP00,degree_within_relation,1,3,,,,,,False,planned,
DBLP,H6-dirskel-AP10-PA00-PV100-VP00-PTTP00-degree,H6-dirskel-AP10-PA00-PV100-VP00-PTTP00-degree,AP10-PA00-PV100-VP00-PTTP00,degree_within_relation,2,1,,,,,,False,planned,
DBLP,H6-dirskel-AP10-PA00-PV100-VP00-PTTP00-degree,H6-dirskel-AP10-PA00-PV100-VP00-PTTP00-degree,AP10-PA00-PV100-VP00-PTTP00,degree_within_relation,2,2,,,,,,False,planned,
DBLP,H6-dirskel-AP10-PA00-PV100-VP00-PTTP00-degree,H6-dirskel-AP10-PA00-PV100-VP00-PTTP00-degree,AP10-PA00-PV100-VP00-PTTP00,degree_within_relation,2,3,,,,,,False,planned,
DBLP,H6-dirskel-AP10-PA00-PV100-VP00-PTTP00-degree,H6-dirskel-AP10-PA00-PV100-VP00-PTTP00-degree,AP10-PA00-PV100-VP00-PTTP00,degree_within_relation,3,1,,,,,,False,planned,
DBLP,H6-dirskel-AP10-PA00-PV100-VP00-PTTP00-degree,H6-dirskel-AP10-PA00-PV100-VP00-PTTP00-degree,AP10-PA00-PV100-VP00-PTTP00,degree_within_relation,3,2,,,,,,False,planned,
DBLP,H6-dirskel-AP10-PA00-PV100-VP00-PTTP00-degree,H6-dirskel-AP10-PA00-PV100-VP00-PTTP00-degree,AP10-PA00-PV100-VP00-PTTP00,degree_within_relation,3,3,,,,,,False,planned,
DBLP,H6-dirskel-AP10-PA00-PV100-VP00-PTTP00-pathaware-v2-topk,H6-dirskel-AP10-PA00-PV100-VP00-PTTP00-pathaware-v2-topk,AP10-PA00-PV100-VP00-PTTP00,pathaware_v2_topk,1,1,,,,,,False,planned,
DBLP,H6-dirskel-AP10-PA00-PV100-VP00-PTTP00-pathaware-v2-topk,H6-dirskel-AP10-PA00-PV100-VP00-PTTP00-pathaware-v2-topk,AP10-PA00-PV100-VP00-PTTP00,pathaware_v2_topk,1,2,,,,,,False,planned,
DBLP,H6-dirskel-AP10-PA00-PV100-VP00-PTTP00-pathaware-v2-topk,H6-dirskel-AP10-PA00-PV100-VP00-PTTP00-pathaware-v2-topk,AP10-PA00-PV100-VP00-PTTP00,pathaware_v2_topk,1,3,,,,,,False,planned,
DBLP,H6-dirskel-AP10-PA00-PV100-VP00-PTTP00-pathaware-v2-topk,H6-dirskel-AP10-PA00-PV100-VP00-PTTP00-pathaware-v2-topk,AP10-PA00-PV100-VP00-PTTP00,pathaware_v2_topk,2,1,,,,,,False,planned,
DBLP,H6-dirskel-AP10-PA00-PV100-VP00-PTTP00-pathaware-v2-topk,H6-dirskel-AP10-PA00-PV100-VP00-PTTP00-pathaware-v2-topk,AP10-PA00-PV100-VP00-PTTP00,pathaware_v2_topk,2,2,,,,,,False,planned,
DBLP,H6-dirskel-AP10-PA00-PV100-VP00-PTTP00-pathaware-v2-topk,H6-dirskel-AP10-PA00-PV100-VP00-PTTP00-pathaware-v2-topk,AP10-PA00-PV100-VP00-PTTP00,pathaware_v2_topk,2,3,,,,,,False,planned,
DBLP,H6-dirskel-AP10-PA00-PV100-VP00-PTTP00-pathaware-v2-topk,H6-dirskel-AP10-PA00-PV100-VP00-PTTP00-pathaware-v2-topk,AP10-PA00-PV100-VP00-PTTP00,pathaware_v2_topk,3,1,,,,,,False,planned,
DBLP,H6-dirskel-AP10-PA00-PV100-VP00-PTTP00-pathaware-v2-topk,H6-dirskel-AP10-PA00-PV100-VP00-PTTP00-pathaware-v2-topk,AP10-PA00-PV100-VP00-PTTP00,pathaware_v2_topk,3,2,,,,,,False,planned,
DBLP,H6-dirskel-AP10-PA00-PV100-VP00-PTTP00-pathaware-v2-topk,H6-dirskel-AP10-PA00-PV100-VP00-PTTP00-pathaware-v2-topk,AP10-PA00-PV100-VP00-PTTP00,pathaware_v2_topk,3,3,,,,,,False,planned,
DBLP,H6-dirskel-AP10-PA00-PV100-VP00-PTTP00-pathaware-v2-stratified,H6-dirskel-AP10-PA00-PV100-VP00-PTTP00-pathaware-v2-stratified,AP10-PA00-PV100-VP00-PTTP00,pathaware_v2_stratified,1,1,,,,,,False,planned,
DBLP,H6-dirskel-AP10-PA00-PV100-VP00-PTTP00-pathaware-v2-stratified,H6-dirskel-AP10-PA00-PV100-VP00-PTTP00-pathaware-v2-stratified,AP10-PA00-PV100-VP00-PTTP00,pathaware_v2_stratified,1,2,,,,,,False,planned,
DBLP,H6-dirskel-AP10-PA00-PV100-VP00-PTTP00-pathaware-v2-stratified,H6-dirskel-AP10-PA00-PV100-VP00-PTTP00-pathaware-v2-stratified,AP10-PA00-PV100-VP00-PTTP00,pathaware_v2_stratified,1,3,,,,,,False,planned,
DBLP,H6-dirskel-AP10-PA00-PV100-VP00-PTTP00-pathaware-v2-stratified,H6-dirskel-AP10-PA00-PV100-VP00-PTTP00-pathaware-v2-stratified,AP10-PA00-PV100-VP00-PTTP00,pathaware_v2_stratified,2,1,,,,,,False,planned,
DBLP,H6-dirskel-AP10-PA00-PV100-VP00-PTTP00-pathaware-v2-stratified,H6-dirskel-AP10-PA00-PV100-VP00-PTTP00-pathaware-v2-stratified,AP10-PA00-PV100-VP00-PTTP00,pathaware_v2_stratified,2,2,,,,,,False,planned,
DBLP,H6-dirskel-AP10-PA00-PV100-VP00-PTTP00-pathaware-v2-stratified,H6-dirskel-AP10-PA00-PV100-VP00-PTTP00-pathaware-v2-stratified,AP10-PA00-PV100-VP00-PTTP00,pathaware_v2_stratified,2,3,,,,,,False,planned,
DBLP,H6-dirskel-AP10-PA00-PV100-VP00-PTTP00-pathaware-v2-stratified,H6-dirskel-AP10-PA00-PV100-VP00-PTTP00-pathaware-v2-stratified,AP10-PA00-PV100-VP00-PTTP00,pathaware_v2_stratified,3,1,,,,,,False,planned,
DBLP,H6-dirskel-AP10-PA00-PV100-VP00-PTTP00-pathaware-v2-stratified,H6-dirskel-AP10-PA00-PV100-VP00-PTTP00-pathaware-v2-stratified,AP10-PA00-PV100-VP00-PTTP00,pathaware_v2_stratified,3,2,,,,,,False,planned,
DBLP,H6-dirskel-AP10-PA00-PV100-VP00-PTTP00-pathaware-v2-stratified,H6-dirskel-AP10-PA00-PV100-VP00-PTTP00-pathaware-v2-stratified,AP10-PA00-PV100-VP00-PTTP00,pathaware_v2_stratified,3,3,,,,,,False,planned,
DBLP,H6-dirskel-AP10-PA00-PV100-VP00-PTTP00-coverage,H6-dirskel-AP10-PA00-PV100-VP00-PTTP00-coverage,AP10-PA00-PV100-VP00-PTTP00,coverage_sampler,1,1,,,,,,False,planned,
DBLP,H6-dirskel-AP10-PA00-PV100-VP00-PTTP00-coverage,H6-dirskel-AP10-PA00-PV100-VP00-PTTP00-coverage,AP10-PA00-PV100-VP00-PTTP00,coverage_sampler,1,2,,,,,,False,planned,
DBLP,H6-dirskel-AP10-PA00-PV100-VP00-PTTP00-coverage,H6-dirskel-AP10-PA00-PV100-VP00-PTTP00-coverage,AP10-PA00-PV100-VP00-PTTP00,coverage_sampler,1,3,,,,,,False,planned,
DBLP,H6-dirskel-AP10-PA00-PV100-VP00-PTTP00-coverage,H6-dirskel-AP10-PA00-PV100-VP00-PTTP00-coverage,AP10-PA00-PV100-VP00-PTTP00,coverage_sampler,2,1,,,,,,False,planned,
DBLP,H6-dirskel-AP10-PA00-PV100-VP00-PTTP00-coverage,H6-dirskel-AP10-PA00-PV100-VP00-PTTP00-coverage,AP10-PA00-PV100-VP00-PTTP00,coverage_sampler,2,2,,,,,,False,planned,
DBLP,H6-dirskel-AP10-PA00-PV100-VP00-PTTP00-coverage,H6-dirskel-AP10-PA00-PV100-VP00-PTTP00-coverage,AP10-PA00-PV100-VP00-PTTP00,coverage_sampler,2,3,,,,,,False,planned,
DBLP,H6-dirskel-AP10-PA00-PV100-VP00-PTTP00-coverage,H6-dirskel-AP10-PA00-PV100-VP00-PTTP00-coverage,AP10-PA00-PV100-VP00-PTTP00,coverage_sampler,3,1,,,,,,False,planned,
DBLP,H6-dirskel-AP10-PA00-PV100-VP00-PTTP00-coverage,H6-dirskel-AP10-PA00-PV100-VP00-PTTP00-coverage,AP10-PA00-PV100-VP00-PTTP00,coverage_sampler,3,2,,,,,,False,planned,
DBLP,H6-dirskel-AP10-PA00-PV100-VP00-PTTP00-coverage,H6-dirskel-AP10-PA00-PV100-VP00-PTTP00-coverage,AP10-PA00-PV100-VP00-PTTP00,coverage_sampler,3,3,,,,,,False,planned,
DBLP,H6-dirskel-AP100-PA00-PV50-VP00-PTTP00-random,H6-dirskel-AP100-PA00-PV50-VP00-PTTP00-random,AP100-PA00-PV50-VP00-PTTP00,random_edge_within_relation,1,1,,,,,,False,planned,
DBLP,H6-dirskel-AP100-PA00-PV50-VP00-PTTP00-random,H6-dirskel-AP100-PA00-PV50-VP00-PTTP00-random,AP100-PA00-PV50-VP00-PTTP00,random_edge_within_relation,1,2,,,,,,False,planned,
DBLP,H6-dirskel-AP100-PA00-PV50-VP00-PTTP00-random,H6-dirskel-AP100-PA00-PV50-VP00-PTTP00-random,AP100-PA00-PV50-VP00-PTTP00,random_edge_within_relation,1,3,,,,,,False,planned,
DBLP,H6-dirskel-AP100-PA00-PV50-VP00-PTTP00-random,H6-dirskel-AP100-PA00-PV50-VP00-PTTP00-random,AP100-PA00-PV50-VP00-PTTP00,random_edge_within_relation,2,1,,,,,,False,planned,
DBLP,H6-dirskel-AP100-PA00-PV50-VP00-PTTP00-random,H6-dirskel-AP100-PA00-PV50-VP00-PTTP00-random,AP100-PA00-PV50-VP00-PTTP00,random_edge_within_relation,2,2,,,,,,False,planned,
DBLP,H6-dirskel-AP100-PA00-PV50-VP00-PTTP00-random,H6-dirskel-AP100-PA00-PV50-VP00-PTTP00-random,AP100-PA00-PV50-VP00-PTTP00,random_edge_within_relation,2,3,,,,,,False,planned,
DBLP,H6-dirskel-AP100-PA00-PV50-VP00-PTTP00-random,H6-dirskel-AP100-PA00-PV50-VP00-PTTP00-random,AP100-PA00-PV50-VP00-PTTP00,random_edge_within_relation,3,1,,,,,,False,planned,
DBLP,H6-dirskel-AP100-PA00-PV50-VP00-PTTP00-random,H6-dirskel-AP100-PA00-PV50-VP00-PTTP00-random,AP100-PA00-PV50-VP00-PTTP00,random_edge_within_relation,3,2,,,,,,False,planned,
DBLP,H6-dirskel-AP100-PA00-PV50-VP00-PTTP00-random,H6-dirskel-AP100-PA00-PV50-VP00-PTTP00-random,AP100-PA00-PV50-VP00-PTTP00,random_edge_within_relation,3,3,,,,,,False,planned,
DBLP,H6-dirskel-AP100-PA00-PV50-VP00-PTTP00-degree,H6-dirskel-AP100-PA00-PV50-VP00-PTTP00-degree,AP100-PA00-PV50-VP00-PTTP00,degree_within_relation,1,1,,,,,,False,planned,
DBLP,H6-dirskel-AP100-PA00-PV50-VP00-PTTP00-degree,H6-dirskel-AP100-PA00-PV50-VP00-PTTP00-degree,AP100-PA00-PV50-VP00-PTTP00,degree_within_relation,1,2,,,,,,False,planned,
DBLP,H6-dirskel-AP100-PA00-PV50-VP00-PTTP00-degree,H6-dirskel-AP100-PA00-PV50-VP00-PTTP00-degree,AP100-PA00-PV50-VP00-PTTP00,degree_within_relation,1,3,,,,,,False,planned,
DBLP,H6-dirskel-AP100-PA00-PV50-VP00-PTTP00-degree,H6-dirskel-AP100-PA00-PV50-VP00-PTTP00-degree,AP100-PA00-PV50-VP00-PTTP00,degree_within_relation,2,1,,,,,,False,planned,
DBLP,H6-dirskel-AP100-PA00-PV50-VP00-PTTP00-degree,H6-dirskel-AP100-PA00-PV50-VP00-PTTP00-degree,AP100-PA00-PV50-VP00-PTTP00,degree_within_relation,2,2,,,,,,False,planned,
DBLP,H6-dirskel-AP100-PA00-PV50-VP00-PTTP00-degree,H6-dirskel-AP100-PA00-PV50-VP00-PTTP00-degree,AP100-PA00-PV50-VP00-PTTP00,degree_within_relation,2,3,,,,,,False,planned,
DBLP,H6-dirskel-AP100-PA00-PV50-VP00-PTTP00-degree,H6-dirskel-AP100-PA00-PV50-VP00-PTTP00-degree,AP100-PA00-PV50-VP00-PTTP00,degree_within_relation,3,1,,,,,,False,planned,
DBLP,H6-dirskel-AP100-PA00-PV50-VP00-PTTP00-degree,H6-dirskel-AP100-PA00-PV50-VP00-PTTP00-degree,AP100-PA00-PV50-VP00-PTTP00,degree_within_relation,3,2,,,,,,False,planned,
DBLP,H6-dirskel-AP100-PA00-PV50-VP00-PTTP00-degree,H6-dirskel-AP100-PA00-PV50-VP00-PTTP00-degree,AP100-PA00-PV50-VP00-PTTP00,degree_within_relation,3,3,,,,,,False,planned,
DBLP,H6-dirskel-AP100-PA00-PV50-VP00-PTTP00-pathaware-v2-topk,H6-dirskel-AP100-PA00-PV50-VP00-PTTP00-pathaware-v2-topk,AP100-PA00-PV50-VP00-PTTP00,pathaware_v2_topk,1,1,,,,,,False,planned,
DBLP,H6-dirskel-AP100-PA00-PV50-VP00-PTTP00-pathaware-v2-topk,H6-dirskel-AP100-PA00-PV50-VP00-PTTP00-pathaware-v2-topk,AP100-PA00-PV50-VP00-PTTP00,pathaware_v2_topk,1,2,,,,,,False,planned,
DBLP,H6-dirskel-AP100-PA00-PV50-VP00-PTTP00-pathaware-v2-topk,H6-dirskel-AP100-PA00-PV50-VP00-PTTP00-pathaware-v2-topk,AP100-PA00-PV50-VP00-PTTP00,pathaware_v2_topk,1,3,,,,,,False,planned,
DBLP,H6-dirskel-AP100-PA00-PV50-VP00-PTTP00-pathaware-v2-topk,H6-dirskel-AP100-PA00-PV50-VP00-PTTP00-pathaware-v2-topk,AP100-PA00-PV50-VP00-PTTP00,pathaware_v2_topk,2,1,,,,,,False,planned,
DBLP,H6-dirskel-AP100-PA00-PV50-VP00-PTTP00-pathaware-v2-topk,H6-dirskel-AP100-PA00-PV50-VP00-PTTP00-pathaware-v2-topk,AP100-PA00-PV50-VP00-PTTP00,pathaware_v2_topk,2,2,,,,,,False,planned,
DBLP,H6-dirskel-AP100-PA00-PV50-VP00-PTTP00-pathaware-v2-topk,H6-dirskel-AP100-PA00-PV50-VP00-PTTP00-pathaware-v2-topk,AP100-PA00-PV50-VP00-PTTP00,pathaware_v2_topk,2,3,,,,,,False,planned,
DBLP,H6-dirskel-AP100-PA00-PV50-VP00-PTTP00-pathaware-v2-topk,H6-dirskel-AP100-PA00-PV50-VP00-PTTP00-pathaware-v2-topk,AP100-PA00-PV50-VP00-PTTP00,pathaware_v2_topk,3,1,,,,,,False,planned,
DBLP,H6-dirskel-AP100-PA00-PV50-VP00-PTTP00-pathaware-v2-topk,H6-dirskel-AP100-PA00-PV50-VP00-PTTP00-pathaware-v2-topk,AP100-PA00-PV50-VP00-PTTP00,pathaware_v2_topk,3,2,,,,,,False,planned,
DBLP,H6-dirskel-AP100-PA00-PV50-VP00-PTTP00-pathaware-v2-topk,H6-dirskel-AP100-PA00-PV50-VP00-PTTP00-pathaware-v2-topk,AP100-PA00-PV50-VP00-PTTP00,pathaware_v2_topk,3,3,,,,,,False,planned,
DBLP,H6-dirskel-AP100-PA00-PV50-VP00-PTTP00-pathaware-v2-stratified,H6-dirskel-AP100-PA00-PV50-VP00-PTTP00-pathaware-v2-stratified,AP100-PA00-PV50-VP00-PTTP00,pathaware_v2_stratified,1,1,,,,,,False,planned,
DBLP,H6-dirskel-AP100-PA00-PV50-VP00-PTTP00-pathaware-v2-stratified,H6-dirskel-AP100-PA00-PV50-VP00-PTTP00-pathaware-v2-stratified,AP100-PA00-PV50-VP00-PTTP00,pathaware_v2_stratified,1,2,,,,,,False,planned,
DBLP,H6-dirskel-AP100-PA00-PV50-VP00-PTTP00-pathaware-v2-stratified,H6-dirskel-AP100-PA00-PV50-VP00-PTTP00-pathaware-v2-stratified,AP100-PA00-PV50-VP00-PTTP00,pathaware_v2_stratified,1,3,,,,,,False,planned,
DBLP,H6-dirskel-AP100-PA00-PV50-VP00-PTTP00-pathaware-v2-stratified,H6-dirskel-AP100-PA00-PV50-VP00-PTTP00-pathaware-v2-stratified,AP100-PA00-PV50-VP00-PTTP00,pathaware_v2_stratified,2,1,,,,,,False,planned,
DBLP,H6-dirskel-AP100-PA00-PV50-VP00-PTTP00-pathaware-v2-stratified,H6-dirskel-AP100-PA00-PV50-VP00-PTTP00-pathaware-v2-stratified,AP100-PA00-PV50-VP00-PTTP00,pathaware_v2_stratified,2,2,,,,,,False,planned,
DBLP,H6-dirskel-AP100-PA00-PV50-VP00-PTTP00-pathaware-v2-stratified,H6-dirskel-AP100-PA00-PV50-VP00-PTTP00-pathaware-v2-stratified,AP100-PA00-PV50-VP00-PTTP00,pathaware_v2_stratified,2,3,,,,,,False,planned,
DBLP,H6-dirskel-AP100-PA00-PV50-VP00-PTTP00-pathaware-v2-stratified,H6-dirskel-AP100-PA00-PV50-VP00-PTTP00-pathaware-v2-stratified,AP100-PA00-PV50-VP00-PTTP00,pathaware_v2_stratified,3,1,,,,,,False,planned,
DBLP,H6-dirskel-AP100-PA00-PV50-VP00-PTTP00-pathaware-v2-stratified,H6-dirskel-AP100-PA00-PV50-VP00-PTTP00-pathaware-v2-stratified,AP100-PA00-PV50-VP00-PTTP00,pathaware_v2_stratified,3,2,,,,,,False,planned,
DBLP,H6-dirskel-AP100-PA00-PV50-VP00-PTTP00-pathaware-v2-stratified,H6-dirskel-AP100-PA00-PV50-VP00-PTTP00-pathaware-v2-stratified,AP100-PA00-PV50-VP00-PTTP00,pathaware_v2_stratified,3,3,,,,,,False,planned,
DBLP,H6-dirskel-AP100-PA00-PV50-VP00-PTTP00-coverage,H6-dirskel-AP100-PA00-PV50-VP00-PTTP00-coverage,AP100-PA00-PV50-VP00-PTTP00,coverage_sampler,1,1,,,,,,False,planned,
DBLP,H6-dirskel-AP100-PA00-PV50-VP00-PTTP00-coverage,H6-dirskel-AP100-PA00-PV50-VP00-PTTP00-coverage,AP100-PA00-PV50-VP00-PTTP00,coverage_sampler,1,2,,,,,,False,planned,
DBLP,H6-dirskel-AP100-PA00-PV50-VP00-PTTP00-coverage,H6-dirskel-AP100-PA00-PV50-VP00-PTTP00-coverage,AP100-PA00-PV50-VP00-PTTP00,coverage_sampler,1,3,,,,,,False,planned,
DBLP,H6-dirskel-AP100-PA00-PV50-VP00-PTTP00-coverage,H6-dirskel-AP100-PA00-PV50-VP00-PTTP00-coverage,AP100-PA00-PV50-VP00-PTTP00,coverage_sampler,2,1,,,,,,False,planned,
DBLP,H6-dirskel-AP100-PA00-PV50-VP00-PTTP00-coverage,H6-dirskel-AP100-PA00-PV50-VP00-PTTP00-coverage,AP100-PA00-PV50-VP00-PTTP00,coverage_sampler,2,2,,,,,,False,planned,
DBLP,H6-dirskel-AP100-PA00-PV50-VP00-PTTP00-coverage,H6-dirskel-AP100-PA00-PV50-VP00-PTTP00-coverage,AP100-PA00-PV50-VP00-PTTP00,coverage_sampler,2,3,,,,,,False,planned,
DBLP,H6-dirskel-AP100-PA00-PV50-VP00-PTTP00-coverage,H6-dirskel-AP100-PA00-PV50-VP00-PTTP00-coverage,AP100-PA00-PV50-VP00-PTTP00,coverage_sampler,3,1,,,,,,False,planned,
DBLP,H6-dirskel-AP100-PA00-PV50-VP00-PTTP00-coverage,H6-dirskel-AP100-PA00-PV50-VP00-PTTP00-coverage,AP100-PA00-PV50-VP00-PTTP00,coverage_sampler,3,2,,,,,,False,planned,
DBLP,H6-dirskel-AP100-PA00-PV50-VP00-PTTP00-coverage,H6-dirskel-AP100-PA00-PV50-VP00-PTTP00-coverage,AP100-PA00-PV50-VP00-PTTP00,coverage_sampler,3,3,,,,,,False,planned,
DBLP,H6-dirskel-AP100-PA00-PV30-VP00-PTTP00-random,H6-dirskel-AP100-PA00-PV30-VP00-PTTP00-random,AP100-PA00-PV30-VP00-PTTP00,random_edge_within_relation,1,1,,,,,,False,planned,
DBLP,H6-dirskel-AP100-PA00-PV30-VP00-PTTP00-random,H6-dirskel-AP100-PA00-PV30-VP00-PTTP00-random,AP100-PA00-PV30-VP00-PTTP00,random_edge_within_relation,1,2,,,,,,False,planned,
DBLP,H6-dirskel-AP100-PA00-PV30-VP00-PTTP00-random,H6-dirskel-AP100-PA00-PV30-VP00-PTTP00-random,AP100-PA00-PV30-VP00-PTTP00,random_edge_within_relation,1,3,,,,,,False,planned,
DBLP,H6-dirskel-AP100-PA00-PV30-VP00-PTTP00-random,H6-dirskel-AP100-PA00-PV30-VP00-PTTP00-random,AP100-PA00-PV30-VP00-PTTP00,random_edge_within_relation,2,1,,,,,,False,planned,
DBLP,H6-dirskel-AP100-PA00-PV30-VP00-PTTP00-random,H6-dirskel-AP100-PA00-PV30-VP00-PTTP00-random,AP100-PA00-PV30-VP00-PTTP00,random_edge_within_relation,2,2,,,,,,False,planned,
DBLP,H6-dirskel-AP100-PA00-PV30-VP00-PTTP00-random,H6-dirskel-AP100-PA00-PV30-VP00-PTTP00-random,AP100-PA00-PV30-VP00-PTTP00,random_edge_within_relation,2,3,,,,,,False,planned,
DBLP,H6-dirskel-AP100-PA00-PV30-VP00-PTTP00-random,H6-dirskel-AP100-PA00-PV30-VP00-PTTP00-random,AP100-PA00-PV30-VP00-PTTP00,random_edge_within_relation,3,1,,,,,,False,planned,
DBLP,H6-dirskel-AP100-PA00-PV30-VP00-PTTP00-random,H6-dirskel-AP100-PA00-PV30-VP00-PTTP00-random,AP100-PA00-PV30-VP00-PTTP00,random_edge_within_relation,3,2,,,,,,False,planned,
DBLP,H6-dirskel-AP100-PA00-PV30-VP00-PTTP00-random,H6-dirskel-AP100-PA00-PV30-VP00-PTTP00-random,AP100-PA00-PV30-VP00-PTTP00,random_edge_within_relation,3,3,,,,,,False,planned,
DBLP,H6-dirskel-AP100-PA00-PV30-VP00-PTTP00-degree,H6-dirskel-AP100-PA00-PV30-VP00-PTTP00-degree,AP100-PA00-PV30-VP00-PTTP00,degree_within_relation,1,1,,,,,,False,planned,
DBLP,H6-dirskel-AP100-PA00-PV30-VP00-PTTP00-degree,H6-dirskel-AP100-PA00-PV30-VP00-PTTP00-degree,AP100-PA00-PV30-VP00-PTTP00,degree_within_relation,1,2,,,,,,False,planned,
DBLP,H6-dirskel-AP100-PA00-PV30-VP00-PTTP00-degree,H6-dirskel-AP100-PA00-PV30-VP00-PTTP00-degree,AP100-PA00-PV30-VP00-PTTP00,degree_within_relation,1,3,,,,,,False,planned,
DBLP,H6-dirskel-AP100-PA00-PV30-VP00-PTTP00-degree,H6-dirskel-AP100-PA00-PV30-VP00-PTTP00-degree,AP100-PA00-PV30-VP00-PTTP00,degree_within_relation,2,1,,,,,,False,planned,
DBLP,H6-dirskel-AP100-PA00-PV30-VP00-PTTP00-degree,H6-dirskel-AP100-PA00-PV30-VP00-PTTP00-degree,AP100-PA00-PV30-VP00-PTTP00,degree_within_relation,2,2,,,,,,False,planned,
DBLP,H6-dirskel-AP100-PA00-PV30-VP00-PTTP00-degree,H6-dirskel-AP100-PA00-PV30-VP00-PTTP00-degree,AP100-PA00-PV30-VP00-PTTP00,degree_within_relation,2,3,,,,,,False,planned,
DBLP,H6-dirskel-AP100-PA00-PV30-VP00-PTTP00-degree,H6-dirskel-AP100-PA00-PV30-VP00-PTTP00-degree,AP100-PA00-PV30-VP00-PTTP00,degree_within_relation,3,1,,,,,,False,planned,
DBLP,H6-dirskel-AP100-PA00-PV30-VP00-PTTP00-degree,H6-dirskel-AP100-PA00-PV30-VP00-PTTP00-degree,AP100-PA00-PV30-VP00-PTTP00,degree_within_relation,3,2,,,,,,False,planned,
DBLP,H6-dirskel-AP100-PA00-PV30-VP00-PTTP00-degree,H6-dirskel-AP100-PA00-PV30-VP00-PTTP00-degree,AP100-PA00-PV30-VP00-PTTP00,degree_within_relation,3,3,,,,,,False,planned,
DBLP,H6-dirskel-AP100-PA00-PV30-VP00-PTTP00-pathaware-v2-topk,H6-dirskel-AP100-PA00-PV30-VP00-PTTP00-pathaware-v2-topk,AP100-PA00-PV30-VP00-PTTP00,pathaware_v2_topk,1,1,,,,,,False,planned,
DBLP,H6-dirskel-AP100-PA00-PV30-VP00-PTTP00-pathaware-v2-topk,H6-dirskel-AP100-PA00-PV30-VP00-PTTP00-pathaware-v2-topk,AP100-PA00-PV30-VP00-PTTP00,pathaware_v2_topk,1,2,,,,,,False,planned,
DBLP,H6-dirskel-AP100-PA00-PV30-VP00-PTTP00-pathaware-v2-topk,H6-dirskel-AP100-PA00-PV30-VP00-PTTP00-pathaware-v2-topk,AP100-PA00-PV30-VP00-PTTP00,pathaware_v2_topk,1,3,,,,,,False,planned,
DBLP,H6-dirskel-AP100-PA00-PV30-VP00-PTTP00-pathaware-v2-topk,H6-dirskel-AP100-PA00-PV30-VP00-PTTP00-pathaware-v2-topk,AP100-PA00-PV30-VP00-PTTP00,pathaware_v2_topk,2,1,,,,,,False,planned,
DBLP,H6-dirskel-AP100-PA00-PV30-VP00-PTTP00-pathaware-v2-topk,H6-dirskel-AP100-PA00-PV30-VP00-PTTP00-pathaware-v2-topk,AP100-PA00-PV30-VP00-PTTP00,pathaware_v2_topk,2,2,,,,,,False,planned,
DBLP,H6-dirskel-AP100-PA00-PV30-VP00-PTTP00-pathaware-v2-topk,H6-dirskel-AP100-PA00-PV30-VP00-PTTP00-pathaware-v2-topk,AP100-PA00-PV30-VP00-PTTP00,pathaware_v2_topk,2,3,,,,,,False,planned,
DBLP,H6-dirskel-AP100-PA00-PV30-VP00-PTTP00-pathaware-v2-topk,H6-dirskel-AP100-PA00-PV30-VP00-PTTP00-pathaware-v2-topk,AP100-PA00-PV30-VP00-PTTP00,pathaware_v2_topk,3,1,,,,,,False,planned,
DBLP,H6-dirskel-AP100-PA00-PV30-VP00-PTTP00-pathaware-v2-topk,H6-dirskel-AP100-PA00-PV30-VP00-PTTP00-pathaware-v2-topk,AP100-PA00-PV30-VP00-PTTP00,pathaware_v2_topk,3,2,,,,,,False,planned,
DBLP,H6-dirskel-AP100-PA00-PV30-VP00-PTTP00-pathaware-v2-topk,H6-dirskel-AP100-PA00-PV30-VP00-PTTP00-pathaware-v2-topk,AP100-PA00-PV30-VP00-PTTP00,pathaware_v2_topk,3,3,,,,,,False,planned,
DBLP,H6-dirskel-AP100-PA00-PV30-VP00-PTTP00-pathaware-v2-stratified,H6-dirskel-AP100-PA00-PV30-VP00-PTTP00-pathaware-v2-stratified,AP100-PA00-PV30-VP00-PTTP00,pathaware_v2_stratified,1,1,,,,,,False,planned,
DBLP,H6-dirskel-AP100-PA00-PV30-VP00-PTTP00-pathaware-v2-stratified,H6-dirskel-AP100-PA00-PV30-VP00-PTTP00-pathaware-v2-stratified,AP100-PA00-PV30-VP00-PTTP00,pathaware_v2_stratified,1,2,,,,,,False,planned,
DBLP,H6-dirskel-AP100-PA00-PV30-VP00-PTTP00-pathaware-v2-stratified,H6-dirskel-AP100-PA00-PV30-VP00-PTTP00-pathaware-v2-stratified,AP100-PA00-PV30-VP00-PTTP00,pathaware_v2_stratified,1,3,,,,,,False,planned,
DBLP,H6-dirskel-AP100-PA00-PV30-VP00-PTTP00-pathaware-v2-stratified,H6-dirskel-AP100-PA00-PV30-VP00-PTTP00-pathaware-v2-stratified,AP100-PA00-PV30-VP00-PTTP00,pathaware_v2_stratified,2,1,,,,,,False,planned,
DBLP,H6-dirskel-AP100-PA00-PV30-VP00-PTTP00-pathaware-v2-stratified,H6-dirskel-AP100-PA00-PV30-VP00-PTTP00-pathaware-v2-stratified,AP100-PA00-PV30-VP00-PTTP00,pathaware_v2_stratified,2,2,,,,,,False,planned,
DBLP,H6-dirskel-AP100-PA00-PV30-VP00-PTTP00-pathaware-v2-stratified,H6-dirskel-AP100-PA00-PV30-VP00-PTTP00-pathaware-v2-stratified,AP100-PA00-PV30-VP00-PTTP00,pathaware_v2_stratified,2,3,,,,,,False,planned,
DBLP,H6-dirskel-AP100-PA00-PV30-VP00-PTTP00-pathaware-v2-stratified,H6-dirskel-AP100-PA00-PV30-VP00-PTTP00-pathaware-v2-stratified,AP100-PA00-PV30-VP00-PTTP00,pathaware_v2_stratified,3,1,,,,,,False,planned,
DBLP,H6-dirskel-AP100-PA00-PV30-VP00-PTTP00-pathaware-v2-stratified,H6-dirskel-AP100-PA00-PV30-VP00-PTTP00-pathaware-v2-stratified,AP100-PA00-PV30-VP00-PTTP00,pathaware_v2_stratified,3,2,,,,,,False,planned,
DBLP,H6-dirskel-AP100-PA00-PV30-VP00-PTTP00-pathaware-v2-stratified,H6-dirskel-AP100-PA00-PV30-VP00-PTTP00-pathaware-v2-stratified,AP100-PA00-PV30-VP00-PTTP00,pathaware_v2_stratified,3,3,,,,,,False,planned,
DBLP,H6-dirskel-AP100-PA00-PV30-VP00-PTTP00-coverage,H6-dirskel-AP100-PA00-PV30-VP00-PTTP00-coverage,AP100-PA00-PV30-VP00-PTTP00,coverage_sampler,1,1,,,,,,False,planned,
DBLP,H6-dirskel-AP100-PA00-PV30-VP00-PTTP00-coverage,H6-dirskel-AP100-PA00-PV30-VP00-PTTP00-coverage,AP100-PA00-PV30-VP00-PTTP00,coverage_sampler,1,2,,,,,,False,planned,
DBLP,H6-dirskel-AP100-PA00-PV30-VP00-PTTP00-coverage,H6-dirskel-AP100-PA00-PV30-VP00-PTTP00-coverage,AP100-PA00-PV30-VP00-PTTP00,coverage_sampler,1,3,,,,,,False,planned,
DBLP,H6-dirskel-AP100-PA00-PV30-VP00-PTTP00-coverage,H6-dirskel-AP100-PA00-PV30-VP00-PTTP00-coverage,AP100-PA00-PV30-VP00-PTTP00,coverage_sampler,2,1,,,,,,False,planned,
DBLP,H6-dirskel-AP100-PA00-PV30-VP00-PTTP00-coverage,H6-dirskel-AP100-PA00-PV30-VP00-PTTP00-coverage,AP100-PA00-PV30-VP00-PTTP00,coverage_sampler,2,2,,,,,,False,planned,
DBLP,H6-dirskel-AP100-PA00-PV30-VP00-PTTP00-coverage,H6-dirskel-AP100-PA00-PV30-VP00-PTTP00-coverage,AP100-PA00-PV30-VP00-PTTP00,coverage_sampler,2,3,,,,,,False,planned,
DBLP,H6-dirskel-AP100-PA00-PV30-VP00-PTTP00-coverage,H6-dirskel-AP100-PA00-PV30-VP00-PTTP00-coverage,AP100-PA00-PV30-VP00-PTTP00,coverage_sampler,3,1,,,,,,False,planned,
DBLP,H6-dirskel-AP100-PA00-PV30-VP00-PTTP00-coverage,H6-dirskel-AP100-PA00-PV30-VP00-PTTP00-coverage,AP100-PA00-PV30-VP00-PTTP00,coverage_sampler,3,2,,,,,,False,planned,
DBLP,H6-dirskel-AP100-PA00-PV30-VP00-PTTP00-coverage,H6-dirskel-AP100-PA00-PV30-VP00-PTTP00-coverage,AP100-PA00-PV30-VP00-PTTP00,coverage_sampler,3,3,,,,,,False,planned,
DBLP,H6-dirskel-AP100-PA00-PV10-VP00-PTTP00-random,H6-dirskel-AP100-PA00-PV10-VP00-PTTP00-random,AP100-PA00-PV10-VP00-PTTP00,random_edge_within_relation,1,1,,,,,,False,planned,
DBLP,H6-dirskel-AP100-PA00-PV10-VP00-PTTP00-random,H6-dirskel-AP100-PA00-PV10-VP00-PTTP00-random,AP100-PA00-PV10-VP00-PTTP00,random_edge_within_relation,1,2,,,,,,False,planned,
DBLP,H6-dirskel-AP100-PA00-PV10-VP00-PTTP00-random,H6-dirskel-AP100-PA00-PV10-VP00-PTTP00-random,AP100-PA00-PV10-VP00-PTTP00,random_edge_within_relation,1,3,,,,,,False,planned,
DBLP,H6-dirskel-AP100-PA00-PV10-VP00-PTTP00-random,H6-dirskel-AP100-PA00-PV10-VP00-PTTP00-random,AP100-PA00-PV10-VP00-PTTP00,random_edge_within_relation,2,1,,,,,,False,planned,
DBLP,H6-dirskel-AP100-PA00-PV10-VP00-PTTP00-random,H6-dirskel-AP100-PA00-PV10-VP00-PTTP00-random,AP100-PA00-PV10-VP00-PTTP00,random_edge_within_relation,2,2,,,,,,False,planned,
DBLP,H6-dirskel-AP100-PA00-PV10-VP00-PTTP00-random,H6-dirskel-AP100-PA00-PV10-VP00-PTTP00-random,AP100-PA00-PV10-VP00-PTTP00,random_edge_within_relation,2,3,,,,,,False,planned,
DBLP,H6-dirskel-AP100-PA00-PV10-VP00-PTTP00-random,H6-dirskel-AP100-PA00-PV10-VP00-PTTP00-random,AP100-PA00-PV10-VP00-PTTP00,random_edge_within_relation,3,1,,,,,,False,planned,
DBLP,H6-dirskel-AP100-PA00-PV10-VP00-PTTP00-random,H6-dirskel-AP100-PA00-PV10-VP00-PTTP00-random,AP100-PA00-PV10-VP00-PTTP00,random_edge_within_relation,3,2,,,,,,False,planned,
DBLP,H6-dirskel-AP100-PA00-PV10-VP00-PTTP00-random,H6-dirskel-AP100-PA00-PV10-VP00-PTTP00-random,AP100-PA00-PV10-VP00-PTTP00,random_edge_within_relation,3,3,,,,,,False,planned,
DBLP,H6-dirskel-AP100-PA00-PV10-VP00-PTTP00-degree,H6-dirskel-AP100-PA00-PV10-VP00-PTTP00-degree,AP100-PA00-PV10-VP00-PTTP00,degree_within_relation,1,1,,,,,,False,planned,
DBLP,H6-dirskel-AP100-PA00-PV10-VP00-PTTP00-degree,H6-dirskel-AP100-PA00-PV10-VP00-PTTP00-degree,AP100-PA00-PV10-VP00-PTTP00,degree_within_relation,1,2,,,,,,False,planned,
DBLP,H6-dirskel-AP100-PA00-PV10-VP00-PTTP00-degree,H6-dirskel-AP100-PA00-PV10-VP00-PTTP00-degree,AP100-PA00-PV10-VP00-PTTP00,degree_within_relation,1,3,,,,,,False,planned,
DBLP,H6-dirskel-AP100-PA00-PV10-VP00-PTTP00-degree,H6-dirskel-AP100-PA00-PV10-VP00-PTTP00-degree,AP100-PA00-PV10-VP00-PTTP00,degree_within_relation,2,1,,,,,,False,planned,
DBLP,H6-dirskel-AP100-PA00-PV10-VP00-PTTP00-degree,H6-dirskel-AP100-PA00-PV10-VP00-PTTP00-degree,AP100-PA00-PV10-VP00-PTTP00,degree_within_relation,2,2,,,,,,False,planned,
DBLP,H6-dirskel-AP100-PA00-PV10-VP00-PTTP00-degree,H6-dirskel-AP100-PA00-PV10-VP00-PTTP00-degree,AP100-PA00-PV10-VP00-PTTP00,degree_within_relation,2,3,,,,,,False,planned,
DBLP,H6-dirskel-AP100-PA00-PV10-VP00-PTTP00-degree,H6-dirskel-AP100-PA00-PV10-VP00-PTTP00-degree,AP100-PA00-PV10-VP00-PTTP00,degree_within_relation,3,1,,,,,,False,planned,
DBLP,H6-dirskel-AP100-PA00-PV10-VP00-PTTP00-degree,H6-dirskel-AP100-PA00-PV10-VP00-PTTP00-degree,AP100-PA00-PV10-VP00-PTTP00,degree_within_relation,3,2,,,,,,False,planned,
DBLP,H6-dirskel-AP100-PA00-PV10-VP00-PTTP00-degree,H6-dirskel-AP100-PA00-PV10-VP00-PTTP00-degree,AP100-PA00-PV10-VP00-PTTP00,degree_within_relation,3,3,,,,,,False,planned,
DBLP,H6-dirskel-AP100-PA00-PV10-VP00-PTTP00-pathaware-v2-topk,H6-dirskel-AP100-PA00-PV10-VP00-PTTP00-pathaware-v2-topk,AP100-PA00-PV10-VP00-PTTP00,pathaware_v2_topk,1,1,,,,,,False,planned,
DBLP,H6-dirskel-AP100-PA00-PV10-VP00-PTTP00-pathaware-v2-topk,H6-dirskel-AP100-PA00-PV10-VP00-PTTP00-pathaware-v2-topk,AP100-PA00-PV10-VP00-PTTP00,pathaware_v2_topk,1,2,,,,,,False,planned,
DBLP,H6-dirskel-AP100-PA00-PV10-VP00-PTTP00-pathaware-v2-topk,H6-dirskel-AP100-PA00-PV10-VP00-PTTP00-pathaware-v2-topk,AP100-PA00-PV10-VP00-PTTP00,pathaware_v2_topk,1,3,,,,,,False,planned,
DBLP,H6-dirskel-AP100-PA00-PV10-VP00-PTTP00-pathaware-v2-topk,H6-dirskel-AP100-PA00-PV10-VP00-PTTP00-pathaware-v2-topk,AP100-PA00-PV10-VP00-PTTP00,pathaware_v2_topk,2,1,,,,,,False,planned,
DBLP,H6-dirskel-AP100-PA00-PV10-VP00-PTTP00-pathaware-v2-topk,H6-dirskel-AP100-PA00-PV10-VP00-PTTP00-pathaware-v2-topk,AP100-PA00-PV10-VP00-PTTP00,pathaware_v2_topk,2,2,,,,,,False,planned,
DBLP,H6-dirskel-AP100-PA00-PV10-VP00-PTTP00-pathaware-v2-topk,H6-dirskel-AP100-PA00-PV10-VP00-PTTP00-pathaware-v2-topk,AP100-PA00-PV10-VP00-PTTP00,pathaware_v2_topk,2,3,,,,,,False,planned,
DBLP,H6-dirskel-AP100-PA00-PV10-VP00-PTTP00-pathaware-v2-topk,H6-dirskel-AP100-PA00-PV10-VP00-PTTP00-pathaware-v2-topk,AP100-PA00-PV10-VP00-PTTP00,pathaware_v2_topk,3,1,,,,,,False,planned,
DBLP,H6-dirskel-AP100-PA00-PV10-VP00-PTTP00-pathaware-v2-topk,H6-dirskel-AP100-PA00-PV10-VP00-PTTP00-pathaware-v2-topk,AP100-PA00-PV10-VP00-PTTP00,pathaware_v2_topk,3,2,,,,,,False,planned,
DBLP,H6-dirskel-AP100-PA00-PV10-VP00-PTTP00-pathaware-v2-topk,H6-dirskel-AP100-PA00-PV10-VP00-PTTP00-pathaware-v2-topk,AP100-PA00-PV10-VP00-PTTP00,pathaware_v2_topk,3,3,,,,,,False,planned,
DBLP,H6-dirskel-AP100-PA00-PV10-VP00-PTTP00-pathaware-v2-stratified,H6-dirskel-AP100-PA00-PV10-VP00-PTTP00-pathaware-v2-stratified,AP100-PA00-PV10-VP00-PTTP00,pathaware_v2_stratified,1,1,,,,,,False,planned,
DBLP,H6-dirskel-AP100-PA00-PV10-VP00-PTTP00-pathaware-v2-stratified,H6-dirskel-AP100-PA00-PV10-VP00-PTTP00-pathaware-v2-stratified,AP100-PA00-PV10-VP00-PTTP00,pathaware_v2_stratified,1,2,,,,,,False,planned,
DBLP,H6-dirskel-AP100-PA00-PV10-VP00-PTTP00-pathaware-v2-stratified,H6-dirskel-AP100-PA00-PV10-VP00-PTTP00-pathaware-v2-stratified,AP100-PA00-PV10-VP00-PTTP00,pathaware_v2_stratified,1,3,,,,,,False,planned,
DBLP,H6-dirskel-AP100-PA00-PV10-VP00-PTTP00-pathaware-v2-stratified,H6-dirskel-AP100-PA00-PV10-VP00-PTTP00-pathaware-v2-stratified,AP100-PA00-PV10-VP00-PTTP00,pathaware_v2_stratified,2,1,,,,,,False,planned,
DBLP,H6-dirskel-AP100-PA00-PV10-VP00-PTTP00-pathaware-v2-stratified,H6-dirskel-AP100-PA00-PV10-VP00-PTTP00-pathaware-v2-stratified,AP100-PA00-PV10-VP00-PTTP00,pathaware_v2_stratified,2,2,,,,,,False,planned,
DBLP,H6-dirskel-AP100-PA00-PV10-VP00-PTTP00-pathaware-v2-stratified,H6-dirskel-AP100-PA00-PV10-VP00-PTTP00-pathaware-v2-stratified,AP100-PA00-PV10-VP00-PTTP00,pathaware_v2_stratified,2,3,,,,,,False,planned,
DBLP,H6-dirskel-AP100-PA00-PV10-VP00-PTTP00-pathaware-v2-stratified,H6-dirskel-AP100-PA00-PV10-VP00-PTTP00-pathaware-v2-stratified,AP100-PA00-PV10-VP00-PTTP00,pathaware_v2_stratified,3,1,,,,,,False,planned,
DBLP,H6-dirskel-AP100-PA00-PV10-VP00-PTTP00-pathaware-v2-stratified,H6-dirskel-AP100-PA00-PV10-VP00-PTTP00-pathaware-v2-stratified,AP100-PA00-PV10-VP00-PTTP00,pathaware_v2_stratified,3,2,,,,,,False,planned,
DBLP,H6-dirskel-AP100-PA00-PV10-VP00-PTTP00-pathaware-v2-stratified,H6-dirskel-AP100-PA00-PV10-VP00-PTTP00-pathaware-v2-stratified,AP100-PA00-PV10-VP00-PTTP00,pathaware_v2_stratified,3,3,,,,,,False,planned,
DBLP,H6-dirskel-AP100-PA00-PV10-VP00-PTTP00-coverage,H6-dirskel-AP100-PA00-PV10-VP00-PTTP00-coverage,AP100-PA00-PV10-VP00-PTTP00,coverage_sampler,1,1,,,,,,False,planned,
DBLP,H6-dirskel-AP100-PA00-PV10-VP00-PTTP00-coverage,H6-dirskel-AP100-PA00-PV10-VP00-PTTP00-coverage,AP100-PA00-PV10-VP00-PTTP00,coverage_sampler,1,2,,,,,,False,planned,
DBLP,H6-dirskel-AP100-PA00-PV10-VP00-PTTP00-coverage,H6-dirskel-AP100-PA00-PV10-VP00-PTTP00-coverage,AP100-PA00-PV10-VP00-PTTP00,coverage_sampler,1,3,,,,,,False,planned,
DBLP,H6-dirskel-AP100-PA00-PV10-VP00-PTTP00-coverage,H6-dirskel-AP100-PA00-PV10-VP00-PTTP00-coverage,AP100-PA00-PV10-VP00-PTTP00,coverage_sampler,2,1,,,,,,False,planned,
DBLP,H6-dirskel-AP100-PA00-PV10-VP00-PTTP00-coverage,H6-dirskel-AP100-PA00-PV10-VP00-PTTP00-coverage,AP100-PA00-PV10-VP00-PTTP00,coverage_sampler,2,2,,,,,,False,planned,
DBLP,H6-dirskel-AP100-PA00-PV10-VP00-PTTP00-coverage,H6-dirskel-AP100-PA00-PV10-VP00-PTTP00-coverage,AP100-PA00-PV10-VP00-PTTP00,coverage_sampler,2,3,,,,,,False,planned,
DBLP,H6-dirskel-AP100-PA00-PV10-VP00-PTTP00-coverage,H6-dirskel-AP100-PA00-PV10-VP00-PTTP00-coverage,AP100-PA00-PV10-VP00-PTTP00,coverage_sampler,3,1,,,,,,False,planned,
DBLP,H6-dirskel-AP100-PA00-PV10-VP00-PTTP00-coverage,H6-dirskel-AP100-PA00-PV10-VP00-PTTP00-coverage,AP100-PA00-PV10-VP00-PTTP00,coverage_sampler,3,2,,,,,,False,planned,
DBLP,H6-dirskel-AP100-PA00-PV10-VP00-PTTP00-coverage,H6-dirskel-AP100-PA00-PV10-VP00-PTTP00-coverage,AP100-PA00-PV10-VP00-PTTP00,coverage_sampler,3,3,,,,,,False,planned,
DBLP,H6-dirskel-AP50-PA00-PV50-VP00-PTTP00-random,H6-dirskel-AP50-PA00-PV50-VP00-PTTP00-random,AP50-PA00-PV50-VP00-PTTP00,random_edge_within_relation,1,1,,,,,,False,planned,
DBLP,H6-dirskel-AP50-PA00-PV50-VP00-PTTP00-random,H6-dirskel-AP50-PA00-PV50-VP00-PTTP00-random,AP50-PA00-PV50-VP00-PTTP00,random_edge_within_relation,1,2,,,,,,False,planned,
DBLP,H6-dirskel-AP50-PA00-PV50-VP00-PTTP00-random,H6-dirskel-AP50-PA00-PV50-VP00-PTTP00-random,AP50-PA00-PV50-VP00-PTTP00,random_edge_within_relation,1,3,,,,,,False,planned,
DBLP,H6-dirskel-AP50-PA00-PV50-VP00-PTTP00-random,H6-dirskel-AP50-PA00-PV50-VP00-PTTP00-random,AP50-PA00-PV50-VP00-PTTP00,random_edge_within_relation,2,1,,,,,,False,planned,
DBLP,H6-dirskel-AP50-PA00-PV50-VP00-PTTP00-random,H6-dirskel-AP50-PA00-PV50-VP00-PTTP00-random,AP50-PA00-PV50-VP00-PTTP00,random_edge_within_relation,2,2,,,,,,False,planned,
DBLP,H6-dirskel-AP50-PA00-PV50-VP00-PTTP00-random,H6-dirskel-AP50-PA00-PV50-VP00-PTTP00-random,AP50-PA00-PV50-VP00-PTTP00,random_edge_within_relation,2,3,,,,,,False,planned,
DBLP,H6-dirskel-AP50-PA00-PV50-VP00-PTTP00-random,H6-dirskel-AP50-PA00-PV50-VP00-PTTP00-random,AP50-PA00-PV50-VP00-PTTP00,random_edge_within_relation,3,1,,,,,,False,planned,
DBLP,H6-dirskel-AP50-PA00-PV50-VP00-PTTP00-random,H6-dirskel-AP50-PA00-PV50-VP00-PTTP00-random,AP50-PA00-PV50-VP00-PTTP00,random_edge_within_relation,3,2,,,,,,False,planned,
DBLP,H6-dirskel-AP50-PA00-PV50-VP00-PTTP00-random,H6-dirskel-AP50-PA00-PV50-VP00-PTTP00-random,AP50-PA00-PV50-VP00-PTTP00,random_edge_within_relation,3,3,,,,,,False,planned,
DBLP,H6-dirskel-AP50-PA00-PV50-VP00-PTTP00-degree,H6-dirskel-AP50-PA00-PV50-VP00-PTTP00-degree,AP50-PA00-PV50-VP00-PTTP00,degree_within_relation,1,1,,,,,,False,planned,
DBLP,H6-dirskel-AP50-PA00-PV50-VP00-PTTP00-degree,H6-dirskel-AP50-PA00-PV50-VP00-PTTP00-degree,AP50-PA00-PV50-VP00-PTTP00,degree_within_relation,1,2,,,,,,False,planned,
DBLP,H6-dirskel-AP50-PA00-PV50-VP00-PTTP00-degree,H6-dirskel-AP50-PA00-PV50-VP00-PTTP00-degree,AP50-PA00-PV50-VP00-PTTP00,degree_within_relation,1,3,,,,,,False,planned,
DBLP,H6-dirskel-AP50-PA00-PV50-VP00-PTTP00-degree,H6-dirskel-AP50-PA00-PV50-VP00-PTTP00-degree,AP50-PA00-PV50-VP00-PTTP00,degree_within_relation,2,1,,,,,,False,planned,
DBLP,H6-dirskel-AP50-PA00-PV50-VP00-PTTP00-degree,H6-dirskel-AP50-PA00-PV50-VP00-PTTP00-degree,AP50-PA00-PV50-VP00-PTTP00,degree_within_relation,2,2,,,,,,False,planned,
DBLP,H6-dirskel-AP50-PA00-PV50-VP00-PTTP00-degree,H6-dirskel-AP50-PA00-PV50-VP00-PTTP00-degree,AP50-PA00-PV50-VP00-PTTP00,degree_within_relation,2,3,,,,,,False,planned,
DBLP,H6-dirskel-AP50-PA00-PV50-VP00-PTTP00-degree,H6-dirskel-AP50-PA00-PV50-VP00-PTTP00-degree,AP50-PA00-PV50-VP00-PTTP00,degree_within_relation,3,1,,,,,,False,planned,
DBLP,H6-dirskel-AP50-PA00-PV50-VP00-PTTP00-degree,H6-dirskel-AP50-PA00-PV50-VP00-PTTP00-degree,AP50-PA00-PV50-VP00-PTTP00,degree_within_relation,3,2,,,,,,False,planned,
DBLP,H6-dirskel-AP50-PA00-PV50-VP00-PTTP00-degree,H6-dirskel-AP50-PA00-PV50-VP00-PTTP00-degree,AP50-PA00-PV50-VP00-PTTP00,degree_within_relation,3,3,,,,,,False,planned,
DBLP,H6-dirskel-AP50-PA00-PV50-VP00-PTTP00-pathaware-v2-topk,H6-dirskel-AP50-PA00-PV50-VP00-PTTP00-pathaware-v2-topk,AP50-PA00-PV50-VP00-PTTP00,pathaware_v2_topk,1,1,,,,,,False,planned,
DBLP,H6-dirskel-AP50-PA00-PV50-VP00-PTTP00-pathaware-v2-topk,H6-dirskel-AP50-PA00-PV50-VP00-PTTP00-pathaware-v2-topk,AP50-PA00-PV50-VP00-PTTP00,pathaware_v2_topk,1,2,,,,,,False,planned,
DBLP,H6-dirskel-AP50-PA00-PV50-VP00-PTTP00-pathaware-v2-topk,H6-dirskel-AP50-PA00-PV50-VP00-PTTP00-pathaware-v2-topk,AP50-PA00-PV50-VP00-PTTP00,pathaware_v2_topk,1,3,,,,,,False,planned,
DBLP,H6-dirskel-AP50-PA00-PV50-VP00-PTTP00-pathaware-v2-topk,H6-dirskel-AP50-PA00-PV50-VP00-PTTP00-pathaware-v2-topk,AP50-PA00-PV50-VP00-PTTP00,pathaware_v2_topk,2,1,,,,,,False,planned,
DBLP,H6-dirskel-AP50-PA00-PV50-VP00-PTTP00-pathaware-v2-topk,H6-dirskel-AP50-PA00-PV50-VP00-PTTP00-pathaware-v2-topk,AP50-PA00-PV50-VP00-PTTP00,pathaware_v2_topk,2,2,,,,,,False,planned,
DBLP,H6-dirskel-AP50-PA00-PV50-VP00-PTTP00-pathaware-v2-topk,H6-dirskel-AP50-PA00-PV50-VP00-PTTP00-pathaware-v2-topk,AP50-PA00-PV50-VP00-PTTP00,pathaware_v2_topk,2,3,,,,,,False,planned,
DBLP,H6-dirskel-AP50-PA00-PV50-VP00-PTTP00-pathaware-v2-topk,H6-dirskel-AP50-PA00-PV50-VP00-PTTP00-pathaware-v2-topk,AP50-PA00-PV50-VP00-PTTP00,pathaware_v2_topk,3,1,,,,,,False,planned,
DBLP,H6-dirskel-AP50-PA00-PV50-VP00-PTTP00-pathaware-v2-topk,H6-dirskel-AP50-PA00-PV50-VP00-PTTP00-pathaware-v2-topk,AP50-PA00-PV50-VP00-PTTP00,pathaware_v2_topk,3,2,,,,,,False,planned,
DBLP,H6-dirskel-AP50-PA00-PV50-VP00-PTTP00-pathaware-v2-topk,H6-dirskel-AP50-PA00-PV50-VP00-PTTP00-pathaware-v2-topk,AP50-PA00-PV50-VP00-PTTP00,pathaware_v2_topk,3,3,,,,,,False,planned,
DBLP,H6-dirskel-AP50-PA00-PV50-VP00-PTTP00-pathaware-v2-stratified,H6-dirskel-AP50-PA00-PV50-VP00-PTTP00-pathaware-v2-stratified,AP50-PA00-PV50-VP00-PTTP00,pathaware_v2_stratified,1,1,,,,,,False,planned,
DBLP,H6-dirskel-AP50-PA00-PV50-VP00-PTTP00-pathaware-v2-stratified,H6-dirskel-AP50-PA00-PV50-VP00-PTTP00-pathaware-v2-stratified,AP50-PA00-PV50-VP00-PTTP00,pathaware_v2_stratified,1,2,,,,,,False,planned,
DBLP,H6-dirskel-AP50-PA00-PV50-VP00-PTTP00-pathaware-v2-stratified,H6-dirskel-AP50-PA00-PV50-VP00-PTTP00-pathaware-v2-stratified,AP50-PA00-PV50-VP00-PTTP00,pathaware_v2_stratified,1,3,,,,,,False,planned,
DBLP,H6-dirskel-AP50-PA00-PV50-VP00-PTTP00-pathaware-v2-stratified,H6-dirskel-AP50-PA00-PV50-VP00-PTTP00-pathaware-v2-stratified,AP50-PA00-PV50-VP00-PTTP00,pathaware_v2_stratified,2,1,,,,,,False,planned,
DBLP,H6-dirskel-AP50-PA00-PV50-VP00-PTTP00-pathaware-v2-stratified,H6-dirskel-AP50-PA00-PV50-VP00-PTTP00-pathaware-v2-stratified,AP50-PA00-PV50-VP00-PTTP00,pathaware_v2_stratified,2,2,,,,,,False,planned,
DBLP,H6-dirskel-AP50-PA00-PV50-VP00-PTTP00-pathaware-v2-stratified,H6-dirskel-AP50-PA00-PV50-VP00-PTTP00-pathaware-v2-stratified,AP50-PA00-PV50-VP00-PTTP00,pathaware_v2_stratified,2,3,,,,,,False,planned,
DBLP,H6-dirskel-AP50-PA00-PV50-VP00-PTTP00-pathaware-v2-stratified,H6-dirskel-AP50-PA00-PV50-VP00-PTTP00-pathaware-v2-stratified,AP50-PA00-PV50-VP00-PTTP00,pathaware_v2_stratified,3,1,,,,,,False,planned,
DBLP,H6-dirskel-AP50-PA00-PV50-VP00-PTTP00-pathaware-v2-stratified,H6-dirskel-AP50-PA00-PV50-VP00-PTTP00-pathaware-v2-stratified,AP50-PA00-PV50-VP00-PTTP00,pathaware_v2_stratified,3,2,,,,,,False,planned,
DBLP,H6-dirskel-AP50-PA00-PV50-VP00-PTTP00-pathaware-v2-stratified,H6-dirskel-AP50-PA00-PV50-VP00-PTTP00-pathaware-v2-stratified,AP50-PA00-PV50-VP00-PTTP00,pathaware_v2_stratified,3,3,,,,,,False,planned,
DBLP,H6-dirskel-AP50-PA00-PV50-VP00-PTTP00-coverage,H6-dirskel-AP50-PA00-PV50-VP00-PTTP00-coverage,AP50-PA00-PV50-VP00-PTTP00,coverage_sampler,1,1,,,,,,False,planned,
DBLP,H6-dirskel-AP50-PA00-PV50-VP00-PTTP00-coverage,H6-dirskel-AP50-PA00-PV50-VP00-PTTP00-coverage,AP50-PA00-PV50-VP00-PTTP00,coverage_sampler,1,2,,,,,,False,planned,
DBLP,H6-dirskel-AP50-PA00-PV50-VP00-PTTP00-coverage,H6-dirskel-AP50-PA00-PV50-VP00-PTTP00-coverage,AP50-PA00-PV50-VP00-PTTP00,coverage_sampler,1,3,,,,,,False,planned,
DBLP,H6-dirskel-AP50-PA00-PV50-VP00-PTTP00-coverage,H6-dirskel-AP50-PA00-PV50-VP00-PTTP00-coverage,AP50-PA00-PV50-VP00-PTTP00,coverage_sampler,2,1,,,,,,False,planned,
DBLP,H6-dirskel-AP50-PA00-PV50-VP00-PTTP00-coverage,H6-dirskel-AP50-PA00-PV50-VP00-PTTP00-coverage,AP50-PA00-PV50-VP00-PTTP00,coverage_sampler,2,2,,,,,,False,planned,
DBLP,H6-dirskel-AP50-PA00-PV50-VP00-PTTP00-coverage,H6-dirskel-AP50-PA00-PV50-VP00-PTTP00-coverage,AP50-PA00-PV50-VP00-PTTP00,coverage_sampler,2,3,,,,,,False,planned,
DBLP,H6-dirskel-AP50-PA00-PV50-VP00-PTTP00-coverage,H6-dirskel-AP50-PA00-PV50-VP00-PTTP00-coverage,AP50-PA00-PV50-VP00-PTTP00,coverage_sampler,3,1,,,,,,False,planned,
DBLP,H6-dirskel-AP50-PA00-PV50-VP00-PTTP00-coverage,H6-dirskel-AP50-PA00-PV50-VP00-PTTP00-coverage,AP50-PA00-PV50-VP00-PTTP00,coverage_sampler,3,2,,,,,,False,planned,
DBLP,H6-dirskel-AP50-PA00-PV50-VP00-PTTP00-coverage,H6-dirskel-AP50-PA00-PV50-VP00-PTTP00-coverage,AP50-PA00-PV50-VP00-PTTP00,coverage_sampler,3,3,,,,,,False,planned,
DBLP,H6-dirskel-AP30-PA00-PV30-VP00-PTTP00-random,H6-dirskel-AP30-PA00-PV30-VP00-PTTP00-random,AP30-PA00-PV30-VP00-PTTP00,random_edge_within_relation,1,1,,,,,,False,planned,
DBLP,H6-dirskel-AP30-PA00-PV30-VP00-PTTP00-random,H6-dirskel-AP30-PA00-PV30-VP00-PTTP00-random,AP30-PA00-PV30-VP00-PTTP00,random_edge_within_relation,1,2,,,,,,False,planned,
DBLP,H6-dirskel-AP30-PA00-PV30-VP00-PTTP00-random,H6-dirskel-AP30-PA00-PV30-VP00-PTTP00-random,AP30-PA00-PV30-VP00-PTTP00,random_edge_within_relation,1,3,,,,,,False,planned,
DBLP,H6-dirskel-AP30-PA00-PV30-VP00-PTTP00-random,H6-dirskel-AP30-PA00-PV30-VP00-PTTP00-random,AP30-PA00-PV30-VP00-PTTP00,random_edge_within_relation,2,1,,,,,,False,planned,
DBLP,H6-dirskel-AP30-PA00-PV30-VP00-PTTP00-random,H6-dirskel-AP30-PA00-PV30-VP00-PTTP00-random,AP30-PA00-PV30-VP00-PTTP00,random_edge_within_relation,2,2,,,,,,False,planned,
DBLP,H6-dirskel-AP30-PA00-PV30-VP00-PTTP00-random,H6-dirskel-AP30-PA00-PV30-VP00-PTTP00-random,AP30-PA00-PV30-VP00-PTTP00,random_edge_within_relation,2,3,,,,,,False,planned,
DBLP,H6-dirskel-AP30-PA00-PV30-VP00-PTTP00-random,H6-dirskel-AP30-PA00-PV30-VP00-PTTP00-random,AP30-PA00-PV30-VP00-PTTP00,random_edge_within_relation,3,1,,,,,,False,planned,
DBLP,H6-dirskel-AP30-PA00-PV30-VP00-PTTP00-random,H6-dirskel-AP30-PA00-PV30-VP00-PTTP00-random,AP30-PA00-PV30-VP00-PTTP00,random_edge_within_relation,3,2,,,,,,False,planned,
DBLP,H6-dirskel-AP30-PA00-PV30-VP00-PTTP00-random,H6-dirskel-AP30-PA00-PV30-VP00-PTTP00-random,AP30-PA00-PV30-VP00-PTTP00,random_edge_within_relation,3,3,,,,,,False,planned,
DBLP,H6-dirskel-AP30-PA00-PV30-VP00-PTTP00-degree,H6-dirskel-AP30-PA00-PV30-VP00-PTTP00-degree,AP30-PA00-PV30-VP00-PTTP00,degree_within_relation,1,1,,,,,,False,planned,
DBLP,H6-dirskel-AP30-PA00-PV30-VP00-PTTP00-degree,H6-dirskel-AP30-PA00-PV30-VP00-PTTP00-degree,AP30-PA00-PV30-VP00-PTTP00,degree_within_relation,1,2,,,,,,False,planned,
DBLP,H6-dirskel-AP30-PA00-PV30-VP00-PTTP00-degree,H6-dirskel-AP30-PA00-PV30-VP00-PTTP00-degree,AP30-PA00-PV30-VP00-PTTP00,degree_within_relation,1,3,,,,,,False,planned,
DBLP,H6-dirskel-AP30-PA00-PV30-VP00-PTTP00-degree,H6-dirskel-AP30-PA00-PV30-VP00-PTTP00-degree,AP30-PA00-PV30-VP00-PTTP00,degree_within_relation,2,1,,,,,,False,planned,
DBLP,H6-dirskel-AP30-PA00-PV30-VP00-PTTP00-degree,H6-dirskel-AP30-PA00-PV30-VP00-PTTP00-degree,AP30-PA00-PV30-VP00-PTTP00,degree_within_relation,2,2,,,,,,False,planned,
DBLP,H6-dirskel-AP30-PA00-PV30-VP00-PTTP00-degree,H6-dirskel-AP30-PA00-PV30-VP00-PTTP00-degree,AP30-PA00-PV30-VP00-PTTP00,degree_within_relation,2,3,,,,,,False,planned,
DBLP,H6-dirskel-AP30-PA00-PV30-VP00-PTTP00-degree,H6-dirskel-AP30-PA00-PV30-VP00-PTTP00-degree,AP30-PA00-PV30-VP00-PTTP00,degree_within_relation,3,1,,,,,,False,planned,
DBLP,H6-dirskel-AP30-PA00-PV30-VP00-PTTP00-degree,H6-dirskel-AP30-PA00-PV30-VP00-PTTP00-degree,AP30-PA00-PV30-VP00-PTTP00,degree_within_relation,3,2,,,,,,False,planned,
DBLP,H6-dirskel-AP30-PA00-PV30-VP00-PTTP00-degree,H6-dirskel-AP30-PA00-PV30-VP00-PTTP00-degree,AP30-PA00-PV30-VP00-PTTP00,degree_within_relation,3,3,,,,,,False,planned,
DBLP,H6-dirskel-AP30-PA00-PV30-VP00-PTTP00-pathaware-v2-topk,H6-dirskel-AP30-PA00-PV30-VP00-PTTP00-pathaware-v2-topk,AP30-PA00-PV30-VP00-PTTP00,pathaware_v2_topk,1,1,,,,,,False,planned,
DBLP,H6-dirskel-AP30-PA00-PV30-VP00-PTTP00-pathaware-v2-topk,H6-dirskel-AP30-PA00-PV30-VP00-PTTP00-pathaware-v2-topk,AP30-PA00-PV30-VP00-PTTP00,pathaware_v2_topk,1,2,,,,,,False,planned,
DBLP,H6-dirskel-AP30-PA00-PV30-VP00-PTTP00-pathaware-v2-topk,H6-dirskel-AP30-PA00-PV30-VP00-PTTP00-pathaware-v2-topk,AP30-PA00-PV30-VP00-PTTP00,pathaware_v2_topk,1,3,,,,,,False,planned,
DBLP,H6-dirskel-AP30-PA00-PV30-VP00-PTTP00-pathaware-v2-topk,H6-dirskel-AP30-PA00-PV30-VP00-PTTP00-pathaware-v2-topk,AP30-PA00-PV30-VP00-PTTP00,pathaware_v2_topk,2,1,,,,,,False,planned,
DBLP,H6-dirskel-AP30-PA00-PV30-VP00-PTTP00-pathaware-v2-topk,H6-dirskel-AP30-PA00-PV30-VP00-PTTP00-pathaware-v2-topk,AP30-PA00-PV30-VP00-PTTP00,pathaware_v2_topk,2,2,,,,,,False,planned,
DBLP,H6-dirskel-AP30-PA00-PV30-VP00-PTTP00-pathaware-v2-topk,H6-dirskel-AP30-PA00-PV30-VP00-PTTP00-pathaware-v2-topk,AP30-PA00-PV30-VP00-PTTP00,pathaware_v2_topk,2,3,,,,,,False,planned,
DBLP,H6-dirskel-AP30-PA00-PV30-VP00-PTTP00-pathaware-v2-topk,H6-dirskel-AP30-PA00-PV30-VP00-PTTP00-pathaware-v2-topk,AP30-PA00-PV30-VP00-PTTP00,pathaware_v2_topk,3,1,,,,,,False,planned,
DBLP,H6-dirskel-AP30-PA00-PV30-VP00-PTTP00-pathaware-v2-topk,H6-dirskel-AP30-PA00-PV30-VP00-PTTP00-pathaware-v2-topk,AP30-PA00-PV30-VP00-PTTP00,pathaware_v2_topk,3,2,,,,,,False,planned,
DBLP,H6-dirskel-AP30-PA00-PV30-VP00-PTTP00-pathaware-v2-topk,H6-dirskel-AP30-PA00-PV30-VP00-PTTP00-pathaware-v2-topk,AP30-PA00-PV30-VP00-PTTP00,pathaware_v2_topk,3,3,,,,,,False,planned,
DBLP,H6-dirskel-AP30-PA00-PV30-VP00-PTTP00-pathaware-v2-stratified,H6-dirskel-AP30-PA00-PV30-VP00-PTTP00-pathaware-v2-stratified,AP30-PA00-PV30-VP00-PTTP00,pathaware_v2_stratified,1,1,,,,,,False,planned,
DBLP,H6-dirskel-AP30-PA00-PV30-VP00-PTTP00-pathaware-v2-stratified,H6-dirskel-AP30-PA00-PV30-VP00-PTTP00-pathaware-v2-stratified,AP30-PA00-PV30-VP00-PTTP00,pathaware_v2_stratified,1,2,,,,,,False,planned,
DBLP,H6-dirskel-AP30-PA00-PV30-VP00-PTTP00-pathaware-v2-stratified,H6-dirskel-AP30-PA00-PV30-VP00-PTTP00-pathaware-v2-stratified,AP30-PA00-PV30-VP00-PTTP00,pathaware_v2_stratified,1,3,,,,,,False,planned,
DBLP,H6-dirskel-AP30-PA00-PV30-VP00-PTTP00-pathaware-v2-stratified,H6-dirskel-AP30-PA00-PV30-VP00-PTTP00-pathaware-v2-stratified,AP30-PA00-PV30-VP00-PTTP00,pathaware_v2_stratified,2,1,,,,,,False,planned,
DBLP,H6-dirskel-AP30-PA00-PV30-VP00-PTTP00-pathaware-v2-stratified,H6-dirskel-AP30-PA00-PV30-VP00-PTTP00-pathaware-v2-stratified,AP30-PA00-PV30-VP00-PTTP00,pathaware_v2_stratified,2,2,,,,,,False,planned,
DBLP,H6-dirskel-AP30-PA00-PV30-VP00-PTTP00-pathaware-v2-stratified,H6-dirskel-AP30-PA00-PV30-VP00-PTTP00-pathaware-v2-stratified,AP30-PA00-PV30-VP00-PTTP00,pathaware_v2_stratified,2,3,,,,,,False,planned,
DBLP,H6-dirskel-AP30-PA00-PV30-VP00-PTTP00-pathaware-v2-stratified,H6-dirskel-AP30-PA00-PV30-VP00-PTTP00-pathaware-v2-stratified,AP30-PA00-PV30-VP00-PTTP00,pathaware_v2_stratified,3,1,,,,,,False,planned,
DBLP,H6-dirskel-AP30-PA00-PV30-VP00-PTTP00-pathaware-v2-stratified,H6-dirskel-AP30-PA00-PV30-VP00-PTTP00-pathaware-v2-stratified,AP30-PA00-PV30-VP00-PTTP00,pathaware_v2_stratified,3,2,,,,,,False,planned,
DBLP,H6-dirskel-AP30-PA00-PV30-VP00-PTTP00-pathaware-v2-stratified,H6-dirskel-AP30-PA00-PV30-VP00-PTTP00-pathaware-v2-stratified,AP30-PA00-PV30-VP00-PTTP00,pathaware_v2_stratified,3,3,,,,,,False,planned,
DBLP,H6-dirskel-AP30-PA00-PV30-VP00-PTTP00-coverage,H6-dirskel-AP30-PA00-PV30-VP00-PTTP00-coverage,AP30-PA00-PV30-VP00-PTTP00,coverage_sampler,1,1,,,,,,False,planned,
DBLP,H6-dirskel-AP30-PA00-PV30-VP00-PTTP00-coverage,H6-dirskel-AP30-PA00-PV30-VP00-PTTP00-coverage,AP30-PA00-PV30-VP00-PTTP00,coverage_sampler,1,2,,,,,,False,planned,
DBLP,H6-dirskel-AP30-PA00-PV30-VP00-PTTP00-coverage,H6-dirskel-AP30-PA00-PV30-VP00-PTTP00-coverage,AP30-PA00-PV30-VP00-PTTP00,coverage_sampler,1,3,,,,,,False,planned,
DBLP,H6-dirskel-AP30-PA00-PV30-VP00-PTTP00-coverage,H6-dirskel-AP30-PA00-PV30-VP00-PTTP00-coverage,AP30-PA00-PV30-VP00-PTTP00,coverage_sampler,2,1,,,,,,False,planned,
DBLP,H6-dirskel-AP30-PA00-PV30-VP00-PTTP00-coverage,H6-dirskel-AP30-PA00-PV30-VP00-PTTP00-coverage,AP30-PA00-PV30-VP00-PTTP00,coverage_sampler,2,2,,,,,,False,planned,
DBLP,H6-dirskel-AP30-PA00-PV30-VP00-PTTP00-coverage,H6-dirskel-AP30-PA00-PV30-VP00-PTTP00-coverage,AP30-PA00-PV30-VP00-PTTP00,coverage_sampler,2,3,,,,,,False,planned,
DBLP,H6-dirskel-AP30-PA00-PV30-VP00-PTTP00-coverage,H6-dirskel-AP30-PA00-PV30-VP00-PTTP00-coverage,AP30-PA00-PV30-VP00-PTTP00,coverage_sampler,3,1,,,,,,False,planned,
DBLP,H6-dirskel-AP30-PA00-PV30-VP00-PTTP00-coverage,H6-dirskel-AP30-PA00-PV30-VP00-PTTP00-coverage,AP30-PA00-PV30-VP00-PTTP00,coverage_sampler,3,2,,,,,,False,planned,
DBLP,H6-dirskel-AP30-PA00-PV30-VP00-PTTP00-coverage,H6-dirskel-AP30-PA00-PV30-VP00-PTTP00-coverage,AP30-PA00-PV30-VP00-PTTP00,coverage_sampler,3,3,,,,,,False,planned,
