dataset,method,method_family,requested_budget_type,requested_budget,actual_structural_storage_ratio,support_node_ratio,support_edge_ratio,raw_hgb_text_byte_ratio,graph_seed_count,training_seed_count,test_micro_f1_mean,test_micro_f1_std,test_macro_f1_mean,test_macro_f1_std,validation_micro_f1_mean,validation_macro_f1_mean,validation_proxy_score,recovery_vs_native_full_micro,recovery_vs_native_full_macro,schema_compatible,target_preserving,official_hgb_exported,official_sehgnn_unmodified,training_executed,eligible_for_main_table,success,failure_type,failure_reason,selected_edge_hash,planner_config_hash,source_path,repo_url
DBLP,Random-HG-TP,external_tp_baseline,support_node_ratio,0.3,,0.3,induced_schema_preserving,,3,3,,,,,,,,,,True,True,True,True,False,True,False,implemented_pending_official_training,Random-HG-TP local target-preserving implementation/proxy was added; official SeHGNN task training is pending.,c03d87da11c1a6baf4bca4a02321003bb511e8afeece458c1e26177a1c0f27dd,1bbd2588505da52ed8227e25f341df1c3e966bc29a42bb231fe9dba66fa1da89,local:external_tp_baseline_impl,
DBLP,Random-HG-TP,external_tp_baseline,support_node_ratio,0.5,,0.5,induced_schema_preserving,,3,3,,,,,,,,,,True,True,True,True,False,True,False,implemented_pending_official_training,Random-HG-TP local target-preserving implementation/proxy was added; official SeHGNN task training is pending.,62c6898ea326cea6822e545f90e57b43044f93325d0f4c05fade26337b3b42e9,b2df055784b4b220d0b9cce5ca0364c44d7744426d3a0c4908a36fabeb2a3310,local:external_tp_baseline_impl,
DBLP,Random-HG-TP,external_tp_baseline,structural_storage_ratio,0.3,0.3,,induced_schema_preserving,,3,3,,,,,,,,,,True,True,True,True,False,True,False,implemented_pending_official_training,Random-HG-TP local target-preserving implementation/proxy was added; official SeHGNN task training is pending.,887c8d9d6aff701112c5147994702a025a1cd6f845ed265f001eb69c2efea1e5,2f237a51349d6bc1fbc30c2d947956c1c1567018dd540791be3a531307a9972e,local:external_tp_baseline_impl,
DBLP,Random-HG-TP,external_tp_baseline,structural_storage_ratio,0.2,0.2,,induced_schema_preserving,,3,3,,,,,,,,,,True,True,True,True,False,True,False,implemented_pending_official_training,Random-HG-TP local target-preserving implementation/proxy was added; official SeHGNN task training is pending.,4bb1a4e40321b0a90893347934bbfb344e30f6746d7f100e706b7bee28bd1483,d24738a9dd8db5a4db651c75951b77e499212cf6718eea6f3617a42b5b4fd061,local:external_tp_baseline_impl,
DBLP,Random-HG-TP,external_tp_baseline,structural_storage_ratio,0.16,0.16,,induced_schema_preserving,,3,3,,,,,,,,,,True,True,True,True,False,True,False,implemented_pending_official_training,Random-HG-TP local target-preserving implementation/proxy was added; official SeHGNN task training is pending.,4db7686259f3cdc94146b94e35c0959c5487d4f3e90aedbf46e92e2b6b6e5275,d6efdedb76c9582bf4feb6c9712e3c6f27709715d9f04a890d2dcaeab359bb91,local:external_tp_baseline_impl,
DBLP,Herding-HG-TP,external_tp_baseline,support_node_ratio,0.3,,0.3,induced_schema_preserving,,3,3,,,,,,,,,,True,True,True,True,False,True,False,implemented_pending_official_training,Herding-HG-TP local target-preserving implementation/proxy was added; official SeHGNN task training is pending.,931bdff38e3ffc7619e9ac31f2e52b2362aa3274c73fa50449786fab667034aa,75d7a7f2ef43cbfe66c0e044944a7acf18cf233a310e9475934ed2d564d900dd,local:external_tp_baseline_impl,
DBLP,Herding-HG-TP,external_tp_baseline,support_node_ratio,0.5,,0.5,induced_schema_preserving,,3,3,,,,,,,,,,True,True,True,True,False,True,False,implemented_pending_official_training,Herding-HG-TP local target-preserving implementation/proxy was added; official SeHGNN task training is pending.,ea66bfc065dcf3b1c68d1cd9b4064e5f10241f08572cbee8680e369d06447bb0,6119ca44ae705647e322c4a63cece1a1edbfb6f471293b2ee697f38d099766e2,local:external_tp_baseline_impl,
DBLP,Herding-HG-TP,external_tp_baseline,structural_storage_ratio,0.3,0.3,,induced_schema_preserving,,3,3,,,,,,,,,,True,True,True,True,False,True,False,implemented_pending_official_training,Herding-HG-TP local target-preserving implementation/proxy was added; official SeHGNN task training is pending.,b9b6308d8cba0c487132a44e1c09686feb93ae97b673bbe6181b80891f68e12e,6bbd2b5a02e3bdbeabc63f72b41bfd9812ae5698c3900df50f7a12a147055ec2,local:external_tp_baseline_impl,
DBLP,Herding-HG-TP,external_tp_baseline,structural_storage_ratio,0.2,0.2,,induced_schema_preserving,,3,3,,,,,,,,,,True,True,True,True,False,True,False,implemented_pending_official_training,Herding-HG-TP local target-preserving implementation/proxy was added; official SeHGNN task training is pending.,be149cd66e96840002728075c35264ff1cdffaffbc38eeec352fdf1c606a8d12,61810bb97f00b1958fe7bc9ac540d6b27f61e212eecc1c4337b6520a036defc0,local:external_tp_baseline_impl,
DBLP,Herding-HG-TP,external_tp_baseline,structural_storage_ratio,0.16,0.16,,induced_schema_preserving,,3,3,,,,,,,,,,True,True,True,True,False,True,False,implemented_pending_official_training,Herding-HG-TP local target-preserving implementation/proxy was added; official SeHGNN task training is pending.,0e2aaff471d61f4da2336cc4d325c860ee0171fc427489a3013c2a80a5e23f66,3138a7a3caf16268a97ed8f67784a815fcbad6f26264105918e411d8439808a0,local:external_tp_baseline_impl,
DBLP,KCenter-HG-TP,external_tp_baseline,support_node_ratio,0.3,,0.3,induced_schema_preserving,,3,3,,,,,,,,,,True,True,True,True,False,True,False,implemented_pending_official_training,KCenter-HG-TP local target-preserving implementation/proxy was added; official SeHGNN task training is pending.,ed10db1ebf18e9cf7beaa311e1c2973b74f7f941bb9e6bc2d1738430477e1346,bfe398a437d25a7811b8f71bb5fae6383a1845867281e85ea3494843dd2030ca,local:external_tp_baseline_impl,
DBLP,KCenter-HG-TP,external_tp_baseline,support_node_ratio,0.5,,0.5,induced_schema_preserving,,3,3,,,,,,,,,,True,True,True,True,False,True,False,implemented_pending_official_training,KCenter-HG-TP local target-preserving implementation/proxy was added; official SeHGNN task training is pending.,e74a784ad43e6b6f74451057d9ac69a2a6184518bf077ae6e9f08372d0284033,f526453df6113eae55ec47de0a8ac9779af8c365d62aab4f0a790dfaed1ca05e,local:external_tp_baseline_impl,
DBLP,KCenter-HG-TP,external_tp_baseline,structural_storage_ratio,0.3,0.3,,induced_schema_preserving,,3,3,,,,,,,,,,True,True,True,True,False,True,False,implemented_pending_official_training,KCenter-HG-TP local target-preserving implementation/proxy was added; official SeHGNN task training is pending.,e8a500f9c588a55557305b32090ff9ff0b1637ed14f8a6eb8c3bb4560d1385c0,75efea78ff53c77cf3a6d9ddf93c37775d51c349b411989fc0525c5a8b213e39,local:external_tp_baseline_impl,
DBLP,KCenter-HG-TP,external_tp_baseline,structural_storage_ratio,0.2,0.2,,induced_schema_preserving,,3,3,,,,,,,,,,True,True,True,True,False,True,False,implemented_pending_official_training,KCenter-HG-TP local target-preserving implementation/proxy was added; official SeHGNN task training is pending.,edd397d4e332d957ead26689609e5c8dce534d5041c473c468ddb0ed3359a062,0a93a0746ca3daaff747ed033ee8a0c8807efd486b533f34720a25ae70fd5e15,local:external_tp_baseline_impl,
DBLP,KCenter-HG-TP,external_tp_baseline,structural_storage_ratio,0.16,0.16,,induced_schema_preserving,,3,3,,,,,,,,,,True,True,True,True,False,True,False,implemented_pending_official_training,KCenter-HG-TP local target-preserving implementation/proxy was added; official SeHGNN task training is pending.,d517a61a71b2f1f1928332abe9fa62fe58053ab7e9d95664eb941325d041a889,566350ee152e608de0702dd664b7fe97fb0d141767405e8ebc16a77529c2ed04,local:external_tp_baseline_impl,
DBLP,GraphSparsify-TP,external_tp_baseline,support_node_ratio,0.3,,0.3,induced_schema_preserving,,3,3,,,,,,,,,,True,True,True,True,False,True,False,implemented_pending_official_training,GraphSparsify-TP local target-preserving implementation/proxy was added; official SeHGNN task training is pending.,8ced3cd3ebb4dee89e81bd9e0186c9360cfce771dd7dca3dcc97de9a91fb16fd,a6f40744bda3778230f52374efbac2449cdccfd2c99d0c04e9f70ed8d07dbdfc,local:external_tp_baseline_impl,
DBLP,GraphSparsify-TP,external_tp_baseline,support_node_ratio,0.5,,0.5,induced_schema_preserving,,3,3,,,,,,,,,,True,True,True,True,False,True,False,implemented_pending_official_training,GraphSparsify-TP local target-preserving implementation/proxy was added; official SeHGNN task training is pending.,52666a516c03883e114db067dfee44700196538ed85d60af260b852c056bdf5f,b494109dfeac124c18f5e0f267e5da06b9dd7a17794f1d3a3a11c97815b750f7,local:external_tp_baseline_impl,
DBLP,GraphSparsify-TP,external_tp_baseline,structural_storage_ratio,0.3,0.3,,induced_schema_preserving,,3,3,,,,,,,,,,True,True,True,True,False,True,False,implemented_pending_official_training,GraphSparsify-TP local target-preserving implementation/proxy was added; official SeHGNN task training is pending.,d095cab6bd56725ef15dfc3fe179e8d19290af60dbeb33869c1b4676301c897f,db01a5cb8fa7b7a612a85d3535bcd9f0fa4abd613136e109f21b0d9f7c34e00a,local:external_tp_baseline_impl,
DBLP,GraphSparsify-TP,external_tp_baseline,structural_storage_ratio,0.2,0.2,,induced_schema_preserving,,3,3,,,,,,,,,,True,True,True,True,False,True,False,implemented_pending_official_training,GraphSparsify-TP local target-preserving implementation/proxy was added; official SeHGNN task training is pending.,bfea3b18c1886961ff11cc38484a0736a0fdcac97b9313ef895dc659cfd43c83,90c5e7c414796a4f3c44e597074401a93fb54425eb98ac482926f54b533feae5,local:external_tp_baseline_impl,
DBLP,GraphSparsify-TP,external_tp_baseline,structural_storage_ratio,0.16,0.16,,induced_schema_preserving,,3,3,,,,,,,,,,True,True,True,True,False,True,False,implemented_pending_official_training,GraphSparsify-TP local target-preserving implementation/proxy was added; official SeHGNN task training is pending.,060a5b5c27544c611b05b9f61c9f6833918aaee5be9cb3e36efff215ff264c84,f737dd5db9a25bf800caf642471448bdc1b4e7cc014fcbc141cf9a7b415f0573,local:external_tp_baseline_impl,
DBLP,Coarsening-HG-TP,external_tp_baseline,support_node_ratio,0.3,,0.3,induced_schema_preserving,,3,3,,,,,,,,,,True,True,True,True,False,True,False,implemented_pending_official_training,Coarsening-HG-TP local target-preserving implementation/proxy was added; official SeHGNN task training is pending.,87751f21f87f5c0b85133c232b7f9e7ff58e840fe73115951a32f55f38c90a93,62d49940048e8d5940240c0d60067a7a4a9b35683ac729e8266693637b86d7c3,local:external_tp_baseline_impl,
DBLP,Coarsening-HG-TP,external_tp_baseline,support_node_ratio,0.5,,0.5,induced_schema_preserving,,3,3,,,,,,,,,,True,True,True,True,False,True,False,implemented_pending_official_training,Coarsening-HG-TP local target-preserving implementation/proxy was added; official SeHGNN task training is pending.,a39695f0a1ef888e842006025dc8cf9b04d41405267d31c712c0ffa4872ae62e,c173cec7419a17af435b5de1827082a44cd38f11452bef6aff645c223ff8f79a,local:external_tp_baseline_impl,
DBLP,Coarsening-HG-TP,external_tp_baseline,structural_storage_ratio,0.3,0.3,,induced_schema_preserving,,3,3,,,,,,,,,,True,True,True,True,False,True,False,implemented_pending_official_training,Coarsening-HG-TP local target-preserving implementation/proxy was added; official SeHGNN task training is pending.,cd0ee16cf7b855dcc473ff3896289b36d7853be82e95253775e7137d43315fb1,ba8ad8b342bab7aec2ec745b11c8414c37f4c00fd23011bf96e20531d4135a61,local:external_tp_baseline_impl,
DBLP,Coarsening-HG-TP,external_tp_baseline,structural_storage_ratio,0.2,0.2,,induced_schema_preserving,,3,3,,,,,,,,,,True,True,True,True,False,True,False,implemented_pending_official_training,Coarsening-HG-TP local target-preserving implementation/proxy was added; official SeHGNN task training is pending.,a6cb9dfe776bb861f690287c9d6498e7beb4379ba32348d65f1abe6b08c1e572,31b05dab0e9d7bc340b4e15169e7041a0f1a75ff409c5de195f3969410d813b9,local:external_tp_baseline_impl,
DBLP,Coarsening-HG-TP,external_tp_baseline,structural_storage_ratio,0.16,0.16,,induced_schema_preserving,,3,3,,,,,,,,,,True,True,True,True,False,True,False,implemented_pending_official_training,Coarsening-HG-TP local target-preserving implementation/proxy was added; official SeHGNN task training is pending.,299ed2f39cb6fa6f98c2a7d9c1276815a624e00221f5d88146e002bf3ba8c036,ab271e3f71b44587c144cfbce04ddec5bbf70a29d876b5fec644ecf0b397866c,local:external_tp_baseline_impl,
DBLP,FreeHGC-score-TP,external_tp_baseline,support_node_ratio,0.3,,0.3,induced_schema_preserving,,3,3,,,,,,,,,,True,True,True,True,False,True,False,implemented_pending_official_training,FreeHGC-score-TP local target-preserving implementation/proxy was added; official SeHGNN task training is pending.,ba2d48b07f2d1dc9e31116937ddf57df601c57daccf8f81ac9f176492a8d2016,540aa8d8ec5df1c6b3b00f19b9d225754e78a6932150429bf15e826b59ac085f,local:external_tp_baseline_impl,https://github.com/GooLiang/FreeHGC
DBLP,FreeHGC-score-TP,external_tp_baseline,support_node_ratio,0.5,,0.5,induced_schema_preserving,,3,3,,,,,,,,,,True,True,True,True,False,True,False,implemented_pending_official_training,FreeHGC-score-TP local target-preserving implementation/proxy was added; official SeHGNN task training is pending.,60b6b3b155be9692b18682f3dbaf5d847bf87bb4a9f61914f6b215960daa6e64,f3f671e83df018adad4d03a51bb5b28058c334646b9601f47f3c3b9f87f29138,local:external_tp_baseline_impl,https://github.com/GooLiang/FreeHGC
DBLP,FreeHGC-score-TP,external_tp_baseline,structural_storage_ratio,0.3,0.3,,induced_schema_preserving,,3,3,,,,,,,,,,True,True,True,True,False,True,False,implemented_pending_official_training,FreeHGC-score-TP local target-preserving implementation/proxy was added; official SeHGNN task training is pending.,d53b623a064f06312463684617f374822244ab0d47c133843e37529124c37d97,877eee5f5c00ba5ebba28058cdf882de07c6eb82f9166e840a9268b0342f6ec6,local:external_tp_baseline_impl,https://github.com/GooLiang/FreeHGC
DBLP,FreeHGC-score-TP,external_tp_baseline,structural_storage_ratio,0.2,0.2,,induced_schema_preserving,,3,3,,,,,,,,,,True,True,True,True,False,True,False,implemented_pending_official_training,FreeHGC-score-TP local target-preserving implementation/proxy was added; official SeHGNN task training is pending.,6fb58e5b852a17e8b5ef057e51fa8f77a53e9b8769f377bd74ec960c636d5e4e,9bb28bd116888cede480d6b5c63ed300b1ca7ef74755443ce705bc0a63e9baad,local:external_tp_baseline_impl,https://github.com/GooLiang/FreeHGC
DBLP,FreeHGC-score-TP,external_tp_baseline,structural_storage_ratio,0.16,0.16,,induced_schema_preserving,,3,3,,,,,,,,,,True,True,True,True,False,True,False,implemented_pending_official_training,FreeHGC-score-TP local target-preserving implementation/proxy was added; official SeHGNN task training is pending.,869802884b23d5aca69825cbdbc3af68fe696200075b944ebc8fca62eb50a90e,d1671b61817e1ecf0c1105e5d3695aa95ab01a5f4ea2e072165aaef62262c91c,local:external_tp_baseline_impl,https://github.com/GooLiang/FreeHGC
ACM,Random-HG-TP,external_tp_baseline,support_node_ratio,0.3,,0.3,induced_schema_preserving,,3,3,,,,,,,,,,True,True,True,True,False,True,False,implemented_pending_official_training,Random-HG-TP local target-preserving implementation/proxy was added; official SeHGNN task training is pending.,18254f9c5af3836c81f284941da981b9f574c43db2a5ec2ff2ddfc084201f933,840db2a391950c10d3027f2204c9019f341a27e04c33fb1a69f0a35f1f71c295,local:external_tp_baseline_impl,
ACM,Random-HG-TP,external_tp_baseline,support_node_ratio,0.5,,0.5,induced_schema_preserving,,3,3,,,,,,,,,,True,True,True,True,False,True,False,implemented_pending_official_training,Random-HG-TP local target-preserving implementation/proxy was added; official SeHGNN task training is pending.,343bf2688d5c19b916a6cb23f5b5b06f94ca9ecebd12f3e12b648e7001f49c8c,792411703cee192a41643aaf47b2b92efb0fae1fefb661ca1c74bb3bebb1bf90,local:external_tp_baseline_impl,
ACM,Random-HG-TP,external_tp_baseline,structural_storage_ratio,0.3,0.3,,induced_schema_preserving,,3,3,,,,,,,,,,True,True,True,True,False,True,False,implemented_pending_official_training,Random-HG-TP local target-preserving implementation/proxy was added; official SeHGNN task training is pending.,f8a947750ca9baba222c65e39f67797e858778c53f596e5938ddc4d687e22b9b,bc0c92ea3d73040f291cd19622bdaeb005afc13912ad6c25e65c2091e9906655,local:external_tp_baseline_impl,
ACM,Random-HG-TP,external_tp_baseline,structural_storage_ratio,0.2,0.2,,induced_schema_preserving,,3,3,,,,,,,,,,True,True,True,True,False,True,False,implemented_pending_official_training,Random-HG-TP local target-preserving implementation/proxy was added; official SeHGNN task training is pending.,b3638f49f7095675b3da9481bf2eb335d2977c01e72d53b804967698b527b609,a4815d267faf0c57792efbdf4bdf3889c085edb0645e4c178c94afe362485083,local:external_tp_baseline_impl,
ACM,Random-HG-TP,external_tp_baseline,structural_storage_ratio,0.16,0.16,,induced_schema_preserving,,3,3,,,,,,,,,,True,True,True,True,False,True,False,implemented_pending_official_training,Random-HG-TP local target-preserving implementation/proxy was added; official SeHGNN task training is pending.,b0e9e5601cc07acd75b76b1a322c36587391adeeca6b17af323499719cbca540,b027927ea083f3638fddab57bb0b1701d08cc7ee01215790d9d7d588c368d9b2,local:external_tp_baseline_impl,
ACM,Herding-HG-TP,external_tp_baseline,support_node_ratio,0.3,,0.3,induced_schema_preserving,,3,3,,,,,,,,,,True,True,True,True,False,True,False,implemented_pending_official_training,Herding-HG-TP local target-preserving implementation/proxy was added; official SeHGNN task training is pending.,15c5d3ecfb058c839a3748260f24dca95304146455e89a32efaf65422cea2a69,6dc68e3214e4e4e0638cefb675c0a4dd27f024257c35064b6c81f8277f840404,local:external_tp_baseline_impl,
ACM,Herding-HG-TP,external_tp_baseline,support_node_ratio,0.5,,0.5,induced_schema_preserving,,3,3,,,,,,,,,,True,True,True,True,False,True,False,implemented_pending_official_training,Herding-HG-TP local target-preserving implementation/proxy was added; official SeHGNN task training is pending.,c9099585bbd47b9cdd6399db1386b080a26cd4a8e273a29e966fea45cb4faa48,c53e474fd23227bac7a2ebbd04dd6f902c20a0b889e310f2d083271051652f6f,local:external_tp_baseline_impl,
ACM,Herding-HG-TP,external_tp_baseline,structural_storage_ratio,0.3,0.3,,induced_schema_preserving,,3,3,,,,,,,,,,True,True,True,True,False,True,False,implemented_pending_official_training,Herding-HG-TP local target-preserving implementation/proxy was added; official SeHGNN task training is pending.,e163695fd670f2b4cf5cbd95b836c024e3cf2999653dc082bc87fd54f97af7ad,1b7a8d557e5fc0c0aa256b0b3c785e33a4ac45e15dbb1b67dbb6673dbcc49c70,local:external_tp_baseline_impl,
ACM,Herding-HG-TP,external_tp_baseline,structural_storage_ratio,0.2,0.2,,induced_schema_preserving,,3,3,,,,,,,,,,True,True,True,True,False,True,False,implemented_pending_official_training,Herding-HG-TP local target-preserving implementation/proxy was added; official SeHGNN task training is pending.,1a029c6a71f69f635e70e01a816bcf63d5d858b13284e5f2b5399830ebe19440,6eebd34c541779be509613e3d5cf3f25f60c802e89352a986d78fdfbef13a0ee,local:external_tp_baseline_impl,
ACM,Herding-HG-TP,external_tp_baseline,structural_storage_ratio,0.16,0.16,,induced_schema_preserving,,3,3,,,,,,,,,,True,True,True,True,False,True,False,implemented_pending_official_training,Herding-HG-TP local target-preserving implementation/proxy was added; official SeHGNN task training is pending.,feac6162ef9c1a28dcbe61b984034ffee2476d91ee304a3609eaffc9b1aa1b69,ce349d5212808fe2a5430823e45a3866031f71a59beb83d1dd2f7a9c7bc2031e,local:external_tp_baseline_impl,
ACM,KCenter-HG-TP,external_tp_baseline,support_node_ratio,0.3,,0.3,induced_schema_preserving,,3,3,,,,,,,,,,True,True,True,True,False,True,False,implemented_pending_official_training,KCenter-HG-TP local target-preserving implementation/proxy was added; official SeHGNN task training is pending.,6d3cd3b94cc40c13b9304633f6cc25f197834ce24b80316dec44a53e4a522a61,8dbbe7dd937de8c9b78744dbb41e4f357fd2ebbc338334230b253f2edbcb46dd,local:external_tp_baseline_impl,
ACM,KCenter-HG-TP,external_tp_baseline,support_node_ratio,0.5,,0.5,induced_schema_preserving,,3,3,,,,,,,,,,True,True,True,True,False,True,False,implemented_pending_official_training,KCenter-HG-TP local target-preserving implementation/proxy was added; official SeHGNN task training is pending.,8c0a521d2b23d2699ed493996b800267b51702652a2da6f8fdb22aba7e7deab5,89973f449ee7fe92e72d523f495ef9afe5dce08b710bfec86d982c7f2eb6a51e,local:external_tp_baseline_impl,
ACM,KCenter-HG-TP,external_tp_baseline,structural_storage_ratio,0.3,0.3,,induced_schema_preserving,,3,3,,,,,,,,,,True,True,True,True,False,True,False,implemented_pending_official_training,KCenter-HG-TP local target-preserving implementation/proxy was added; official SeHGNN task training is pending.,71d947f21490cc55d6fbd6310e95e4c403ba240a9df5fcfacaccd8c263d31b4f,8ca364f61aedd21fccfbfd79b74d3efae73f587c84c3f375c230927c4ead5d60,local:external_tp_baseline_impl,
ACM,KCenter-HG-TP,external_tp_baseline,structural_storage_ratio,0.2,0.2,,induced_schema_preserving,,3,3,,,,,,,,,,True,True,True,True,False,True,False,implemented_pending_official_training,KCenter-HG-TP local target-preserving implementation/proxy was added; official SeHGNN task training is pending.,57518f8221cb740fe34b9dba77cadfc6f4a7c1eba446abcddc4263b0643465b5,fa23e3275d9586b0f030f1ba1dd2143db3ac4d127aa27a2da8fa0cc638445e4b,local:external_tp_baseline_impl,
ACM,KCenter-HG-TP,external_tp_baseline,structural_storage_ratio,0.16,0.16,,induced_schema_preserving,,3,3,,,,,,,,,,True,True,True,True,False,True,False,implemented_pending_official_training,KCenter-HG-TP local target-preserving implementation/proxy was added; official SeHGNN task training is pending.,fee03ffbf18c77082483ba65a73e5b78da7da693d57713fd19c6f1b1f6698842,6dee1f46d539acd3cabeaf567fb5c30b13ed149e9d037b19cdfc53dce91721e9,local:external_tp_baseline_impl,
ACM,GraphSparsify-TP,external_tp_baseline,support_node_ratio,0.3,,0.3,induced_schema_preserving,,3,3,,,,,,,,,,True,True,True,True,False,True,False,implemented_pending_official_training,GraphSparsify-TP local target-preserving implementation/proxy was added; official SeHGNN task training is pending.,0df1dfd801f41772241e2fac83ec6cd059f9014de774344dde0f427c96619311,fbd71809c7a4d00cbdc366fbcd5fbc1960ad21d96608c6328715cd687b1e6f6c,local:external_tp_baseline_impl,
ACM,GraphSparsify-TP,external_tp_baseline,support_node_ratio,0.5,,0.5,induced_schema_preserving,,3,3,,,,,,,,,,True,True,True,True,False,True,False,implemented_pending_official_training,GraphSparsify-TP local target-preserving implementation/proxy was added; official SeHGNN task training is pending.,57c1844a48a258fddc018d11143672461d8ebdfe404e22c4d37baa5d52b536ba,79df15cdce3522ef38843b0c31245f0268965027c3cf29855752f2a0ae6f573c,local:external_tp_baseline_impl,
ACM,GraphSparsify-TP,external_tp_baseline,structural_storage_ratio,0.3,0.3,,induced_schema_preserving,,3,3,,,,,,,,,,True,True,True,True,False,True,False,implemented_pending_official_training,GraphSparsify-TP local target-preserving implementation/proxy was added; official SeHGNN task training is pending.,d1abd02f88a1dfeb96a63f5043cb90005b8b835ac89114022ac8c1518f5552e7,251d2d28fc4110061233d817eb11b11283b322144afbb891573651e740982fc4,local:external_tp_baseline_impl,
ACM,GraphSparsify-TP,external_tp_baseline,structural_storage_ratio,0.2,0.2,,induced_schema_preserving,,3,3,,,,,,,,,,True,True,True,True,False,True,False,implemented_pending_official_training,GraphSparsify-TP local target-preserving implementation/proxy was added; official SeHGNN task training is pending.,37e7a97631489fe3886c30398a5d5c4951b46621909ecf0d2ff88702ca61cc51,0dafa19615fe531394bbf8ff2e37182bb7b7a8cd0291d94f04679cadf8f3d8dd,local:external_tp_baseline_impl,
ACM,GraphSparsify-TP,external_tp_baseline,structural_storage_ratio,0.16,0.16,,induced_schema_preserving,,3,3,,,,,,,,,,True,True,True,True,False,True,False,implemented_pending_official_training,GraphSparsify-TP local target-preserving implementation/proxy was added; official SeHGNN task training is pending.,0d0724c23764c9adf0e225dc2b1a00cfe0c81c21964c95da83457d294c3c82f1,2bd4339c07af5e2a01963dc741e83b17bcbbf8f81c7c56041a57481b01afc428,local:external_tp_baseline_impl,
ACM,Coarsening-HG-TP,external_tp_baseline,support_node_ratio,0.3,,0.3,induced_schema_preserving,,3,3,,,,,,,,,,True,True,True,True,False,True,False,implemented_pending_official_training,Coarsening-HG-TP local target-preserving implementation/proxy was added; official SeHGNN task training is pending.,74c96c6a9676baa7cc2835ed2ebf8c5ebb6efc9f4860822fa361fd45de6a6c4b,456f713a2d1d50f0c0340c022489451355ed673eb5d48d981252dec22cd8e233,local:external_tp_baseline_impl,
ACM,Coarsening-HG-TP,external_tp_baseline,support_node_ratio,0.5,,0.5,induced_schema_preserving,,3,3,,,,,,,,,,True,True,True,True,False,True,False,implemented_pending_official_training,Coarsening-HG-TP local target-preserving implementation/proxy was added; official SeHGNN task training is pending.,2e55f88c3b966d753fec0afc2abaa7627030856fe54bdd785d3a9a755dbf805f,4e631ad797318bdf4b155e7c6a9f29d9a97c7d6e6f9666990077033be0511f27,local:external_tp_baseline_impl,
ACM,Coarsening-HG-TP,external_tp_baseline,structural_storage_ratio,0.3,0.3,,induced_schema_preserving,,3,3,,,,,,,,,,True,True,True,True,False,True,False,implemented_pending_official_training,Coarsening-HG-TP local target-preserving implementation/proxy was added; official SeHGNN task training is pending.,a335f5c2d76b6f131fd9153814aaf6fbf8f3651748d2c024f191fac2426c2a50,c6cf485e5e995f3e546326bdfeff9ee3102ecf1059207697ee2982b4c99c4c2a,local:external_tp_baseline_impl,
ACM,Coarsening-HG-TP,external_tp_baseline,structural_storage_ratio,0.2,0.2,,induced_schema_preserving,,3,3,,,,,,,,,,True,True,True,True,False,True,False,implemented_pending_official_training,Coarsening-HG-TP local target-preserving implementation/proxy was added; official SeHGNN task training is pending.,c7ec513fd8dd1fb8ae7b0a5df7a8f0d0ff7c8330ffb554a6c620f06641027ee3,eac032fcce0e16a5750ab786fee557e4775a80ecd477e81884c5f730c2314912,local:external_tp_baseline_impl,
ACM,Coarsening-HG-TP,external_tp_baseline,structural_storage_ratio,0.16,0.16,,induced_schema_preserving,,3,3,,,,,,,,,,True,True,True,True,False,True,False,implemented_pending_official_training,Coarsening-HG-TP local target-preserving implementation/proxy was added; official SeHGNN task training is pending.,5ec8c3b146ab4cab1793b105dff82abead36c66ca9009f27849ce94bc01230d3,5180021f9b0bf4e12f2d06ba1a482f92d518ed5a8f41104c63eca8aba09a397e,local:external_tp_baseline_impl,
ACM,FreeHGC-score-TP,external_tp_baseline,support_node_ratio,0.3,,0.3,induced_schema_preserving,,3,3,,,,,,,,,,True,True,True,True,False,True,False,implemented_pending_official_training,FreeHGC-score-TP local target-preserving implementation/proxy was added; official SeHGNN task training is pending.,368b92d26076c245f242d66f6b596e37d9567ca5af6a69d551abfcc8fa3baa48,b2ba571a71ce8db592f9f12e5d9487a7d3c7008f17122a3541e0e86e49637d5f,local:external_tp_baseline_impl,https://github.com/GooLiang/FreeHGC
ACM,FreeHGC-score-TP,external_tp_baseline,support_node_ratio,0.5,,0.5,induced_schema_preserving,,3,3,,,,,,,,,,True,True,True,True,False,True,False,implemented_pending_official_training,FreeHGC-score-TP local target-preserving implementation/proxy was added; official SeHGNN task training is pending.,1ce9d5150258a6a88a377b5c9738295f1ada535193cc3ef7278b9d39c2fcb862,78028d36b9d48f6f3c37d7c84ec8fcf1011a377be44e5b5d47886f560a213cec,local:external_tp_baseline_impl,https://github.com/GooLiang/FreeHGC
ACM,FreeHGC-score-TP,external_tp_baseline,structural_storage_ratio,0.3,0.3,,induced_schema_preserving,,3,3,,,,,,,,,,True,True,True,True,False,True,False,implemented_pending_official_training,FreeHGC-score-TP local target-preserving implementation/proxy was added; official SeHGNN task training is pending.,11db580df0df67b956d7ecf971b7b41563c93accf4168a021477a95088370c27,1a5d4d0e5f845cbd4f4afe9d6bf2f40b0fe30583a14740b9b343af1a3a175c0a,local:external_tp_baseline_impl,https://github.com/GooLiang/FreeHGC
ACM,FreeHGC-score-TP,external_tp_baseline,structural_storage_ratio,0.2,0.2,,induced_schema_preserving,,3,3,,,,,,,,,,True,True,True,True,False,True,False,implemented_pending_official_training,FreeHGC-score-TP local target-preserving implementation/proxy was added; official SeHGNN task training is pending.,8f2581ee5994c33719232792ab723a10d817fd22e89daca1b9bdb9f548a69430,c29d1e8df8a1d5b4cbd2873300838e8c4e5aaa5235753782c681cf8eeb4eb195,local:external_tp_baseline_impl,https://github.com/GooLiang/FreeHGC
ACM,FreeHGC-score-TP,external_tp_baseline,structural_storage_ratio,0.16,0.16,,induced_schema_preserving,,3,3,,,,,,,,,,True,True,True,True,False,True,False,implemented_pending_official_training,FreeHGC-score-TP local target-preserving implementation/proxy was added; official SeHGNN task training is pending.,0b4ec679382ff970c838015db96a51a1c7eba9c23e90af4354244b537d43ac8d,c3ec9175e3bf96a1bda2b950c25954bea1097904c087f40291f322d0224fe20e,local:external_tp_baseline_impl,https://github.com/GooLiang/FreeHGC
IMDB,Random-HG-TP,external_tp_baseline,support_node_ratio,0.3,,0.3,induced_schema_preserving,,3,3,,,,,,,,,,True,True,True,True,False,True,False,implemented_pending_official_training,Random-HG-TP local target-preserving implementation/proxy was added; official SeHGNN task training is pending.,1f1b2a6d7c3e5dd213307377afd8833f64d04009dac14c6488c0d1229c1499d8,ccbddac4bccc94b4e5bd2fd5defbe07f73f031df33c9822e55e433f9637fa8d2,local:external_tp_baseline_impl,
IMDB,Random-HG-TP,external_tp_baseline,support_node_ratio,0.5,,0.5,induced_schema_preserving,,3,3,,,,,,,,,,True,True,True,True,False,True,False,implemented_pending_official_training,Random-HG-TP local target-preserving implementation/proxy was added; official SeHGNN task training is pending.,ac414bab60cc1f0560aeb51f971b8dba5f3ae7575c5f19219c54f751ee465e22,d3ced7391a8931c103e63c58112efe0252b88e32b593bdaebdff9cbf4686320b,local:external_tp_baseline_impl,
IMDB,Random-HG-TP,external_tp_baseline,structural_storage_ratio,0.3,0.3,,induced_schema_preserving,,3,3,,,,,,,,,,True,True,True,True,False,True,False,implemented_pending_official_training,Random-HG-TP local target-preserving implementation/proxy was added; official SeHGNN task training is pending.,a78fe624fcf7e63a3f9762b5c6bb61afeecf7d085e8bc90a10effbd3c1f4af8f,d8ed27926d641755d8b037af2478bb0b2ce0423ebc0bc9a2abbc2595d6813451,local:external_tp_baseline_impl,
IMDB,Random-HG-TP,external_tp_baseline,structural_storage_ratio,0.2,0.2,,induced_schema_preserving,,3,3,,,,,,,,,,True,True,True,True,False,True,False,implemented_pending_official_training,Random-HG-TP local target-preserving implementation/proxy was added; official SeHGNN task training is pending.,2f4705b3f2fc9c261b1f334cb58fe151393c10dc0370ebda93832ecf1647f688,ebb005014877285e951c577a1efdf74a00464c594fa61ebf9a4e2ad7d7148586,local:external_tp_baseline_impl,
IMDB,Random-HG-TP,external_tp_baseline,structural_storage_ratio,0.16,0.16,,induced_schema_preserving,,3,3,,,,,,,,,,True,True,True,True,False,True,False,implemented_pending_official_training,Random-HG-TP local target-preserving implementation/proxy was added; official SeHGNN task training is pending.,3d82687ca703119255c36f4110c25a5c10e4fc7a45fb1c524c90dfed68ccab34,8972055e9a83ac9ccaaae6d2869fe2ba3bbe27ab0377847465fdb548a2bf1b84,local:external_tp_baseline_impl,
IMDB,Herding-HG-TP,external_tp_baseline,support_node_ratio,0.3,,0.3,induced_schema_preserving,,3,3,,,,,,,,,,True,True,True,True,False,True,False,implemented_pending_official_training,Herding-HG-TP local target-preserving implementation/proxy was added; official SeHGNN task training is pending.,959cc825575cef12a5688aa70f51b8a79f7c92250a1721d791d69ccba990bf43,0e2e701206c50a6daaff9494927f8a973288157125a133ae6820017460b85214,local:external_tp_baseline_impl,
IMDB,Herding-HG-TP,external_tp_baseline,support_node_ratio,0.5,,0.5,induced_schema_preserving,,3,3,,,,,,,,,,True,True,True,True,False,True,False,implemented_pending_official_training,Herding-HG-TP local target-preserving implementation/proxy was added; official SeHGNN task training is pending.,9cbf261120de9b81cbdf7f86e40da08ad683190e1641c8b0ffbab89321d957f6,4f9bcfddb4ef100cff6a10388f5ee7c9b9d87f6ea880b5df5a1167f095461651,local:external_tp_baseline_impl,
IMDB,Herding-HG-TP,external_tp_baseline,structural_storage_ratio,0.3,0.3,,induced_schema_preserving,,3,3,,,,,,,,,,True,True,True,True,False,True,False,implemented_pending_official_training,Herding-HG-TP local target-preserving implementation/proxy was added; official SeHGNN task training is pending.,f74c1f6a52385294cef90ed65fba504bcee67953cd8ee57821cf332ed147909c,f972b1644ff7d1c277d89e5b7a68d79b151306e557783b6ecf8b4a6d53e1a7bb,local:external_tp_baseline_impl,
IMDB,Herding-HG-TP,external_tp_baseline,structural_storage_ratio,0.2,0.2,,induced_schema_preserving,,3,3,,,,,,,,,,True,True,True,True,False,True,False,implemented_pending_official_training,Herding-HG-TP local target-preserving implementation/proxy was added; official SeHGNN task training is pending.,248da8dc7c33ed91ab472e12d33603c5c54088aae8e2b19c6347a8be09864864,513e9e3977cd934c14511f4789b36e111229a869cc70a17c3896783df16cb1ba,local:external_tp_baseline_impl,
IMDB,Herding-HG-TP,external_tp_baseline,structural_storage_ratio,0.16,0.16,,induced_schema_preserving,,3,3,,,,,,,,,,True,True,True,True,False,True,False,implemented_pending_official_training,Herding-HG-TP local target-preserving implementation/proxy was added; official SeHGNN task training is pending.,98922f1a099dfdfbe3b5773b25861e22e3c14d4bb13f6e09fdcf184679b5c533,dd9531c902cd43e20b3d2465249af4ffa98d8b69c58d42d95d101f2325624279,local:external_tp_baseline_impl,
IMDB,KCenter-HG-TP,external_tp_baseline,support_node_ratio,0.3,,0.3,induced_schema_preserving,,3,3,,,,,,,,,,True,True,True,True,False,True,False,implemented_pending_official_training,KCenter-HG-TP local target-preserving implementation/proxy was added; official SeHGNN task training is pending.,2162b2259186553c27260bf36f741caa5ed1e080c0303243e43b1d3a600b674c,8a4db574474c0cc8f8545ca80cc1b2bbeee30580f892fd432a45fc02a40c73e1,local:external_tp_baseline_impl,
IMDB,KCenter-HG-TP,external_tp_baseline,support_node_ratio,0.5,,0.5,induced_schema_preserving,,3,3,,,,,,,,,,True,True,True,True,False,True,False,implemented_pending_official_training,KCenter-HG-TP local target-preserving implementation/proxy was added; official SeHGNN task training is pending.,09117868514bb76b3545d681d1b89d9bf1215f8865b5796b7d7b6931c9aadffe,2a98b911a81fb337d3d3b8cd5a626212329e13931b05954f3479bb487042f467,local:external_tp_baseline_impl,
IMDB,KCenter-HG-TP,external_tp_baseline,structural_storage_ratio,0.3,0.3,,induced_schema_preserving,,3,3,,,,,,,,,,True,True,True,True,False,True,False,implemented_pending_official_training,KCenter-HG-TP local target-preserving implementation/proxy was added; official SeHGNN task training is pending.,715bf794c1761c61b07f55cae9cbface29dcfa789b3ef7d9f4511b8e6ed09994,92050903f02909a2fa86ff383e4f373b2ade1126aac8db87ae1aea369ae480d4,local:external_tp_baseline_impl,
IMDB,KCenter-HG-TP,external_tp_baseline,structural_storage_ratio,0.2,0.2,,induced_schema_preserving,,3,3,,,,,,,,,,True,True,True,True,False,True,False,implemented_pending_official_training,KCenter-HG-TP local target-preserving implementation/proxy was added; official SeHGNN task training is pending.,7d5daab6e7b9ffc3081768b7590e62b989ded696867b9cd24cf2fd4356162b00,c44408b63065464846092af58574c80c9aa0a67780d76d5d59ccee9ccafc8545,local:external_tp_baseline_impl,
IMDB,KCenter-HG-TP,external_tp_baseline,structural_storage_ratio,0.16,0.16,,induced_schema_preserving,,3,3,,,,,,,,,,True,True,True,True,False,True,False,implemented_pending_official_training,KCenter-HG-TP local target-preserving implementation/proxy was added; official SeHGNN task training is pending.,a3c89ede2a508db75ef4b55218569caff82290c55f1cee17c6a3b5607c4f3b9f,f37ae3de64071e5698feab8d0e920d489bf9270eabb4ab982721ce930fdb1d0e,local:external_tp_baseline_impl,
IMDB,GraphSparsify-TP,external_tp_baseline,support_node_ratio,0.3,,0.3,induced_schema_preserving,,3,3,,,,,,,,,,True,True,True,True,False,True,False,implemented_pending_official_training,GraphSparsify-TP local target-preserving implementation/proxy was added; official SeHGNN task training is pending.,e4724e79d13d37677a54a40231fa1d0d13771e044d3f2078b2fae668b027d0eb,36c86ebe233bf6def56e901814f5240f8941a376108ebdaa01236916d6b023cd,local:external_tp_baseline_impl,
IMDB,GraphSparsify-TP,external_tp_baseline,support_node_ratio,0.5,,0.5,induced_schema_preserving,,3,3,,,,,,,,,,True,True,True,True,False,True,False,implemented_pending_official_training,GraphSparsify-TP local target-preserving implementation/proxy was added; official SeHGNN task training is pending.,6765f8dda64bf8bdbdaeeb7abceab812e9d2ef1106dc2fed12e97a406dc98f59,e4ad320417041aa4dfcb9dbf2f90708dac5a9590da8ad15756a3f802d9b9f95b,local:external_tp_baseline_impl,
IMDB,GraphSparsify-TP,external_tp_baseline,structural_storage_ratio,0.3,0.3,,induced_schema_preserving,,3,3,,,,,,,,,,True,True,True,True,False,True,False,implemented_pending_official_training,GraphSparsify-TP local target-preserving implementation/proxy was added; official SeHGNN task training is pending.,384a14f2bd021a337bb5a77e6ba5bd67d9b2607b9c4c0fd8dd04991f559bfd21,2a5fb7cd6b8da9c45f942fc556a505659cc9bc9dbdb7fa1cab5dee3c16f9605a,local:external_tp_baseline_impl,
IMDB,GraphSparsify-TP,external_tp_baseline,structural_storage_ratio,0.2,0.2,,induced_schema_preserving,,3,3,,,,,,,,,,True,True,True,True,False,True,False,implemented_pending_official_training,GraphSparsify-TP local target-preserving implementation/proxy was added; official SeHGNN task training is pending.,f2c95b07db1e75ad63e66dfb33f47cfe043372c8f619a813f9c7e21805d638c5,abe44f8d4f2ed866b3dd794f802dca0bb7bce126da47d8609017e243fea8dfd6,local:external_tp_baseline_impl,
IMDB,GraphSparsify-TP,external_tp_baseline,structural_storage_ratio,0.16,0.16,,induced_schema_preserving,,3,3,,,,,,,,,,True,True,True,True,False,True,False,implemented_pending_official_training,GraphSparsify-TP local target-preserving implementation/proxy was added; official SeHGNN task training is pending.,c23043c121172b60a48b22fd44ae90b1442497d50c5106c9cec306e004070ac4,91c082ce61ee8a90d890b7b47657ce8265a23c8a9992288d6f6a7090769d38a6,local:external_tp_baseline_impl,
IMDB,Coarsening-HG-TP,external_tp_baseline,support_node_ratio,0.3,,0.3,induced_schema_preserving,,3,3,,,,,,,,,,True,True,True,True,False,True,False,implemented_pending_official_training,Coarsening-HG-TP local target-preserving implementation/proxy was added; official SeHGNN task training is pending.,dd724efb3c733a575e853a87511dfd4bff173b661dfa7fed2318729919f35aa7,e817f5bcc9c18f67eb550d36242d9d211daf23ff670788463a55bc3fd9365885,local:external_tp_baseline_impl,
IMDB,Coarsening-HG-TP,external_tp_baseline,support_node_ratio,0.5,,0.5,induced_schema_preserving,,3,3,,,,,,,,,,True,True,True,True,False,True,False,implemented_pending_official_training,Coarsening-HG-TP local target-preserving implementation/proxy was added; official SeHGNN task training is pending.,08ad27f28bd463148d2c793032229bc3ec4e8594ee8e65f1dba89a59ff681e94,ef2b3050ae446f767cbc082dbbf7cb814a160b9b520890011e1e002f395e3360,local:external_tp_baseline_impl,
IMDB,Coarsening-HG-TP,external_tp_baseline,structural_storage_ratio,0.3,0.3,,induced_schema_preserving,,3,3,,,,,,,,,,True,True,True,True,False,True,False,implemented_pending_official_training,Coarsening-HG-TP local target-preserving implementation/proxy was added; official SeHGNN task training is pending.,16cb95113a7dc3fd6b8f83dd5479130840565466f00041fc1b31f297a848c2db,5a9c770bebd0c09441516c0bed2bce752a3d6891cb2c5cbea6763a6c36070c20,local:external_tp_baseline_impl,
IMDB,Coarsening-HG-TP,external_tp_baseline,structural_storage_ratio,0.2,0.2,,induced_schema_preserving,,3,3,,,,,,,,,,True,True,True,True,False,True,False,implemented_pending_official_training,Coarsening-HG-TP local target-preserving implementation/proxy was added; official SeHGNN task training is pending.,489dcd9773f77c31a0faeac2e819397c0ca0a1dcba722c6f10f0dc32cae130c3,2d2a6cea6994085aec8cb499f7fd1043e41ac5c0a92876872cbdb519486810fc,local:external_tp_baseline_impl,
IMDB,Coarsening-HG-TP,external_tp_baseline,structural_storage_ratio,0.16,0.16,,induced_schema_preserving,,3,3,,,,,,,,,,True,True,True,True,False,True,False,implemented_pending_official_training,Coarsening-HG-TP local target-preserving implementation/proxy was added; official SeHGNN task training is pending.,2d39d53f45cd4e098c6ef0582b7d7453487ce07b58785c4f0a4fb9ef9b392968,65db45e1f8e5e0f0a757600af6e62a6547bf74b1f4a6164687c22de931b598b9,local:external_tp_baseline_impl,
IMDB,FreeHGC-score-TP,external_tp_baseline,support_node_ratio,0.3,,0.3,induced_schema_preserving,,3,3,,,,,,,,,,True,True,True,True,False,True,False,implemented_pending_official_training,FreeHGC-score-TP local target-preserving implementation/proxy was added; official SeHGNN task training is pending.,c0ef50019b8378f1f171ef19f7b1733f3e87006dae17fcbfbe6816b5b59e4342,7ee49d39f480e11001a4b5100803df989375c775033e7362d4cc3ec9b06585d4,local:external_tp_baseline_impl,https://github.com/GooLiang/FreeHGC
IMDB,FreeHGC-score-TP,external_tp_baseline,support_node_ratio,0.5,,0.5,induced_schema_preserving,,3,3,,,,,,,,,,True,True,True,True,False,True,False,implemented_pending_official_training,FreeHGC-score-TP local target-preserving implementation/proxy was added; official SeHGNN task training is pending.,ade6c79e83b998d7706f890690fe7d93b0ddab4a05ee7a4c3a52e4377ac0e5db,7373e8155fa841c78f8b5fa0176a615aefc0d1c09ec22b00f9d7f7431f7967fd,local:external_tp_baseline_impl,https://github.com/GooLiang/FreeHGC
IMDB,FreeHGC-score-TP,external_tp_baseline,structural_storage_ratio,0.3,0.3,,induced_schema_preserving,,3,3,,,,,,,,,,True,True,True,True,False,True,False,implemented_pending_official_training,FreeHGC-score-TP local target-preserving implementation/proxy was added; official SeHGNN task training is pending.,88c80e28700a09386d3fc303e9ca7db78d1df17e7f4ec5fc7db2e13b85ba019e,1cfe4fffae9637e9de4752246c93aa88f5c36f60eb442e965ee6edfef5d95ae5,local:external_tp_baseline_impl,https://github.com/GooLiang/FreeHGC
IMDB,FreeHGC-score-TP,external_tp_baseline,structural_storage_ratio,0.2,0.2,,induced_schema_preserving,,3,3,,,,,,,,,,True,True,True,True,False,True,False,implemented_pending_official_training,FreeHGC-score-TP local target-preserving implementation/proxy was added; official SeHGNN task training is pending.,b146a32bc0c43ca015783809a692a45f9eff0157ede5460ae932781184fc3a23,dab49aa59ed899790f3618af9bbb8c218fcfbe5175d9388b154a2b6cb76453db,local:external_tp_baseline_impl,https://github.com/GooLiang/FreeHGC
IMDB,FreeHGC-score-TP,external_tp_baseline,structural_storage_ratio,0.16,0.16,,induced_schema_preserving,,3,3,,,,,,,,,,True,True,True,True,False,True,False,implemented_pending_official_training,FreeHGC-score-TP local target-preserving implementation/proxy was added; official SeHGNN task training is pending.,07d810257e67da0cd0390d9cbdd02671827a58c5beba96dfbf7ff55579902f99,241858f356212b5649b09bf58196a90db43f9f22888cb36e58087a4f484d7db7,local:external_tp_baseline_impl,https://github.com/GooLiang/FreeHGC
