dataset,method,canonical_method,method_family,schema_compatible,official_sehgnn_unmodified,uses_feature_adapter,uses_weighted_superedges,uses_synthetic_nodes,keeps_all_target_nodes,eligible_for_official_main_table,eligible_for_adapter_table,eligible_for_standard_condensation_table,eligible_for_tp_workload_table,runs,success_count,graph_seed_count,training_seed_count,structural_storage_ratio,raw_hgb_text_byte_ratio,official_text_hgb_byte_ratio,support_node_ratio,support_edge_ratio,preprocessed_cache_byte_ratio,test_micro_mean,test_micro_std,test_macro_mean,test_macro_std,recovery_micro_mean,full_minus_micro,deterministic_graph_method,expected_export_hash_unique_count,actual_export_hash_unique_count,graph_sampling_stability_pass,graph_sampling_warning,adapter_package_ratio,OFFICIAL_STRUCTURAL_APV12_PASS,OFFICIAL_STRUCTURAL_APV16_PASS,OFFICIAL_STRUCTURAL30_PASS,OFFICIAL_STRUCTURAL20_PASS,OFFICIAL_STRUCTURAL12_PASS,RAW_HGB_BYTE50_PASS,RAW_HGB_BYTE30_PASS,ADAPTER_PACKAGE10_PASS,ADAPTER_PACKAGE05_PASS,training_executed,test_micro_f1_mean,test_micro_f1_std,test_macro_f1_mean,graph_seed_independence_required,failure_type,failure_message,source_gate,protocol,official_hgb_exported,sampler_deterministic,export_hash_unique_count,mean_test_micro_f1,std_test_micro_f1,graph_seed_ignored_by_sampler,deterministic_proof_pass,deterministic_proof_type,graph_seed_stability_pass,stability_failure_reason,apv16_evidence_mode,selection_rule_name,selection_sort_keys,tie_breaker_keys,AP_keep,PA_keep,PV_keep,VP_keep,PT_keep,TP_keep,uses_test_metrics_for_selection,test_micro_f1,test_macro_f1,full_micro_f1,AUTO_SELECTOR_DBLP_APV_ALIGNMENT_PASS,uses_patched_loader,uses_patched_model,eligible_for_decision,uses_test_labels_for_selection,selection_signal_source,validation_probe_seed,selection_config_hash,selection_input_hash,static_inference_package_ratio,transform_recipe_package_ratio,reconstructable_package_ratio,input_edge_hash,selected_edge_hash,repeat_export_hashes,repeat_count,graph_seed_count_warning,APV16_DETERMINISTIC_SELECTION_PROOF_PASS,APV16_GRAPH_SEED_EMPIRICAL_5X5_PASS,row_kind,eligible_for_planner_decision,actual_support_node_ratio,actual_support_edge_ratio,actual_structural_storage_ratio,selected_edge_hash_by_relation,export_file_hash,linked_official_result_hash,protocol_family,target_preserving,uses_adapter_loader,diagnostic_only,evidence_family,budget_type,requested_budget,expected_success_count,test_macro_f1_std,actual_structural_storage_ratio_mean,actual_structural_storage_ratio_std,budget_match_rate,budget_infeasible_count,budget_fairness_pass,ratio,expected_seed_count,ready,failure_reason,freehgc_root,official_loader_accepts_export,hard_failure,edge_provenance_available,support_node_ids_are_original,link_dat_constructed,feature_schema_preserved,metapath_key,relation_sequence,feature_tensor_shape,feature_tensor_nonzero_count,feature_tensor_density,feature_tensor_bytes,feature_tensor_hash,label_feature_key,label_feature_shape,label_feature_nonzero_count,label_feature_bytes,label_feature_hash,cache_file_path,cache_file_bytes,cache_file_hash,real_tensor_dumped,tensor_key_dumped,base_method,feature_transform,label_graph_setting,row_count,answers_ready,adapter_method,static_inference_package_ratio_mean,adapter_ready,official_preprocess_time_seconds_mean,training_time_seconds_mean,peak_cpu_rss_mb_mean,preprocessed_cache_bytes_mean,system_cost_end_to_end_ready,cross_dataset_ready
DBLP,H6-APV-skeleton,H6-relgrid-APPA100-PVVP100-PTTP00,schema_preserving_rcs,True,True,False,False,False,True,True,False,False,True,5,5,1,5,0.19881894209127793,0.5325500660990953,0.5325500660990953,0.30003171582619725,0.1759264670278754,,0.9481692,0.003040232517423661,0.9444909999999999,0.0032740160659349067,0.9945338961660826,0.005210999999999966,True,1,1,True,,,False,False,True,True,False,False,False,False,False,True,0.9481692,0.003040232517423661,0.9444909999999999,,,,gate21_7,schema_preserving_tp,True,True,1,0.9481692,0.003040232517423661,False,False,,False,not_apv16_row,empirical_graph_seed_grid,,,,,,,,,,,0.9481692,0.9444909999999999,,,False,False,True,False,not_applicable,,,,,,,,,,,,,,direct_task_result,False,,,,,,,official_unmodified_schema_preserving,True,False,False,official_main,,,,,,,,,,,,,,,,,,,,,,,,,,,,,,,,,,,,,,,,,,,,,,,,,,,
DBLP,HeSF-RCS-APV12,H6-dirskel-AP100-PA00-PV100-VP00-PTTP00,schema_preserving_rcs,True,True,False,False,False,True,True,False,False,True,5,5,1,5,0.11951718894668302,0.5300203883188904,0.5300203883188904,0.30003171582619725,0.08797575615905429,,0.9447888000000001,0.003112726804587885,0.9405382,0.0032060959686197876,0.9909888540742896,0.008591399999999916,True,1,1,True,,,True,False,True,True,True,False,False,False,False,True,0.9447888000000001,0.003112726804587885,0.9405382,False,,,gate21_7,schema_preserving_tp,True,True,1,0.9447888000000001,0.003112726804587885,True,True,graph_seed_ignored_by_export_sampler,False,not_apv16_row,deterministic_proof,deterministic_relation_keep_plan_from_gate21_9,"hard_bottleneck desc,marginal_utility_per_cost desc,channel_key asc","relation_names asc,channel_key asc",,,,,,,,0.9447888000000001,0.9405382,,,False,False,True,False,not_applicable,,,,,,,81f03fc26d76605a27989d9e67bc4bcd6af10cec1c2e1f81e647d94491fa3f47,240529d8a23de77b2e84e2982b97536b1afd41eb1648bc112ccbca988d736476,"[""fc420f4b56b72601d7ff89cf3223a8de4ae7be69410d43fb1d9cddecd99b7a8d"", ""fc420f4b56b72601d7ff89cf3223a8de4ae7be69410d43fb1d9cddecd99b7a8d"", ""fc420f4b56b72601d7ff89cf3223a8de4ae7be69410d43fb1d9cddecd99b7a8d""]",3,False,True,not_required,linked_task_result,False,,,,"{""AP"": ""72fd6ed14bce8edec13c261308ac09094a227c029e3b0f76505e1e2fb1a5d432"", ""PA"": ""d6641ca99ce9424d5b3f2fb928eb17d428921d8e28e1befb50a7ae377af46ad2"", ""PT"": ""08d48a9c1f3680b2c44a17650d5be26364c0f74e4d4b61ee91aa6d5fb8cf5a31"", ""PV"": ""6569ceec877447009443d38e91ce8d64fc3059bd785bc391bbf78493a926f4db"", ""TP"": ""2ca9ea5e452c3eea7d0ac93a341550ee08fcac8a139a8a8badc5b2c85966af67"", ""VP"": ""b79a99281ae9eb640935711f14b645eb36121f6d1fba0bd85278fa45f36fc0e5""}",1bab29e0194fa077ee11e62968a102e1de5fe941ed5aa06e2b8caf63ac2e844c,5d3ccc9d704a5d98f5c82df1e0985c6ebe8c9ae0c5dd6eb4328a1fb16995049b,official_unmodified_schema_preserving,True,False,False,official_main,,,,,,,,,,,,,,,,,,,,,,,,,,,,,,,,,,,,,,,,,,,,,,,,,,,
DBLP,HeSF-RCS-APV16,H6-dirskel-AP100-PA50-PV100-VP50-PTTP00,schema_preserving_rcs,True,True,False,False,False,True,True,False,False,True,5,5,1,5,0.15916430179078186,0.5312848976907086,0.5312848976907086,0.30003171582619725,0.131946937378426,,0.9497888,0.001961691453822424,0.946167,0.0021242329439117753,0.9962325245858523,0.0035914000000000224,True,1,1,True,graph_seed_count<5,,False,True,True,True,False,False,False,False,False,True,0.9497888,0.001961691453822424,0.946167,False,,,gate21_7,schema_preserving_tp,True,True,1,0.9497888,0.001961691453822424,True,True,graph_seed_ignored_by_export_sampler,True,,deterministic_proof,deterministic_relation_keep_plan_from_gate21_9,"hard_bottleneck desc,marginal_utility_per_cost desc,channel_key asc","relation_names asc,channel_key asc",,,,,,,,0.9497888,0.946167,,,False,False,True,False,not_applicable,,,,,,,0a5a8272bdd18c856a3bd53ae719ecc0a8b118cbf9698d0872d7a23d71a04dd0,bea49e9a3e68d44baafd75257133b6024ee628509587c8c9a9be189930c837a8,"[""03047c76d5374f9abe82a14a235c5344dac2f6e2c6ec89da2c8c1ae74608a81e"", ""03047c76d5374f9abe82a14a235c5344dac2f6e2c6ec89da2c8c1ae74608a81e"", ""03047c76d5374f9abe82a14a235c5344dac2f6e2c6ec89da2c8c1ae74608a81e""]",3,False,True,not_required,linked_task_result,False,,,,"{""AP"": ""52f4ae568524fd9e290b1e47001395b6a36d0be77caf3b41d1a38f70042c0545"", ""PA"": ""88b0c19bbc0124a9642c8bf36e320a3663efe743ea78b8a901dbec4f28cf377e"", ""PT"": ""1542d4ad2de8c627d4c21cc3c1da26793d494bb89e61f2dbe7b744169ed85b98"", ""PV"": ""8ca6ee3d4255985fe45dac8b1d08a9164256d197d93a9faa5ed177bc5877e0c3"", ""TP"": ""7da80c3d44b3ec026551da1154f6477b26207df5d99efe1038e931047a22fa6b"", ""VP"": ""223cb728970134c25af95e46a9a528cf26a3020add809b5b1882686212d5ef40""}",094164e597544e7de0e1705299610a9d234976d49c01f562aca177ebd9b08762,c06b75ee16db4703429932ca51e1f7e9f0ed8a0ba60c3019ce7bfba67082618d,official_unmodified_schema_preserving,True,False,False,official_main,,,,,,,,,,,,,,,,,,,,,,,,,,,,,,,,,,,,,,,,,,,,,,,,,,,
DBLP,H6-node30,H6-node30,schema_preserving_rcs,True,True,False,False,False,True,True,False,False,True,25,25,5,5,0.7765286382078631,0.5511642282465133,0.5511642282465133,0.3000317158261972,0.8166434302029504,,0.9470422000000002,0.0029595227588244733,0.9433027999999999,0.003234023710488219,0.9933519323843204,0.006337999999999844,True,1,5,False,deterministic_export_hash_unique_count!=1,,False,False,False,False,False,False,False,False,False,True,0.9470422000000002,0.0029595227588244733,0.9433027999999999,,,,gate21_7,schema_preserving_tp,True,True,5,0.9470422000000002,0.0029595227588244733,False,False,,False,not_apv16_row,empirical_graph_seed_grid,,,,,,,,,,,0.9470422000000002,0.9433027999999999,,,False,False,True,False,not_applicable,,,,,,,,,,,,,,direct_task_result,False,,,,,,,official_unmodified_schema_preserving,True,False,False,official_main,,,,,,,,,,,,,,,,,,,,,,,,,,,,,,,,,,,,,,,,,,,,,,,,,,,
DBLP,export-full-SeHGNN,export-full-SeHGNN,official_reference,True,True,False,False,False,True,True,False,False,True,5,5,0,5,,,,,,,0.9533802,0.0009855999999999674,0.9498198,0.0010503906701794395,,0.0,True,1,1,True,,,False,False,False,False,False,False,False,False,False,True,0.9533802,0.0009855999999999674,0.9498198,,,,gate21_7,schema_preserving_tp,True,True,1,0.9533802,0.0009855999999999674,False,False,,False,not_apv16_row,empirical_graph_seed_grid,,,,,,,,,,,0.9533802,0.9498198,,,False,False,True,False,not_applicable,,,,,,,,,,,,,,direct_task_result,False,,,,,,,official_unmodified_schema_preserving,True,False,False,official_main,,,,,,,,,,,,,,,,,,,,,,,,,,,,,,,,,,,,,,,,,,,,,,,,,,,
DBLP,full-native-SeHGNN,full-native-SeHGNN,official_reference,True,True,False,False,False,True,True,False,False,True,5,5,0,5,,,,,,,0.9533802,0.0009855999999999674,0.9498198,0.0010503906701794395,,0.0,True,1,1,True,,,False,False,False,False,False,False,False,False,False,True,0.9533802,0.0009855999999999674,0.9498198,,,,gate21_7,schema_preserving_tp,True,True,1,0.9533802,0.0009855999999999674,False,False,,False,not_apv16_row,empirical_graph_seed_grid,,,,,,,,,,,0.9533802,0.9498198,,,False,False,True,False,not_applicable,,,,,,,,,,,,,,direct_task_result,False,,,,,,,official_unmodified_schema_preserving,True,False,False,official_main,,,,,,,,,,,,,,,,,,,,,,,,,,,,,,,,,,,,,,,,,,,,,,,,,,,
DBLP,Coarsening-HG-TP,,,,,,,,,,,,,,0,0,0,,,,,,,,,,,,,,,,,,,,,,,,,,,,,NaN,NaN,NaN,,,,,,,,,,,,,,,,,,,,,,,,,,,,,,,,,,,,,,,,,,,,,,,,,,,,,,,,,,,,,external_tp,structural_storage_ratio,0.120,25,NaN,NaN,NaN,NaN,0,False,,,,,,,,,,,,,,,,,,,,,,,,,,,,,,,,,,,,,,,,,,
DBLP,Coarsening-HG-TP,,,,,,,,,,,,,,0,0,0,,,,,,,,,,,,,,,,,,,,,,,,,,,,,NaN,NaN,NaN,,,,,,,,,,,,,,,,,,,,,,,,,,,,,,,,,,,,,,,,,,,,,,,,,,,,,,,,,,,,,external_tp,structural_storage_ratio,0.160,25,NaN,NaN,NaN,NaN,0,False,,,,,,,,,,,,,,,,,,,,,,,,,,,,,,,,,,,,,,,,,,
DBLP,Coarsening-HG-TP,,,,,,,,,,,,,,0,0,0,,,,,,,,,,,,,,,,,,,,,,,,,,,,,NaN,NaN,NaN,,,,,,,,,,,,,,,,,,,,,,,,,,,,,,,,,,,,,,,,,,,,,,,,,,,,,,,,,,,,,external_tp,structural_storage_ratio,0.200,25,NaN,NaN,NaN,NaN,0,False,,,,,,,,,,,,,,,,,,,,,,,,,,,,,,,,,,,,,,,,,,
DBLP,Coarsening-HG-TP,,,,,,,,,,,,,,0,0,0,,,,,,,,,,,,,,,,,,,,,,,,,,,,,NaN,NaN,NaN,,,,,,,,,,,,,,,,,,,,,,,,,,,,,,,,,,,,,,,,,,,,,,,,,,,,,,,,,,,,,external_tp,structural_storage_ratio,0.300,25,NaN,NaN,NaN,NaN,0,False,,,,,,,,,,,,,,,,,,,,,,,,,,,,,,,,,,,,,,,,,,
DBLP,Coarsening-HG-TP,,,,,,,,,,,,,,0,0,0,,,,,,,,,,,,,,,,,,,,,,,,,,,,,NaN,NaN,NaN,,,,,,,,,,,,,,,,,,,,,,,,,,,,,,,,,,,,,,,,,,,,,,,,,,,,,,,,,,,,,external_tp,support_node_ratio,0.300,25,NaN,NaN,NaN,NaN,0,False,,,,,,,,,,,,,,,,,,,,,,,,,,,,,,,,,,,,,,,,,,
DBLP,Coarsening-HG-TP,,,,,,,,,,,,,,0,0,0,,,,,,,,,,,,,,,,,,,,,,,,,,,,,NaN,NaN,NaN,,,,,,,,,,,,,,,,,,,,,,,,,,,,,,,,,,,,,,,,,,,,,,,,,,,,,,,,,,,,,external_tp,support_node_ratio,0.500,25,NaN,NaN,NaN,NaN,0,False,,,,,,,,,,,,,,,,,,,,,,,,,,,,,,,,,,,,,,,,,,
DBLP,FreeHGC-TP-selection,,,,,,,,,,,,,,0,0,0,,,,,,,,,,,,,,,,,,,,,,,,,,,,,NaN,NaN,NaN,,,,,,,,,,,,,,,,,,,,,,,,,,,,,,,,,,,,,,,,,,,,,,,,,,,,,,,,,,,,,external_tp,structural_storage_ratio,0.120,25,NaN,NaN,NaN,NaN,0,False,,,,,,,,,,,,,,,,,,,,,,,,,,,,,,,,,,,,,,,,,,
DBLP,FreeHGC-TP-selection,,,,,,,,,,,,,,0,0,0,,,,,,,,,,,,,,,,,,,,,,,,,,,,,NaN,NaN,NaN,,,,,,,,,,,,,,,,,,,,,,,,,,,,,,,,,,,,,,,,,,,,,,,,,,,,,,,,,,,,,external_tp,structural_storage_ratio,0.160,25,NaN,NaN,NaN,NaN,0,False,,,,,,,,,,,,,,,,,,,,,,,,,,,,,,,,,,,,,,,,,,
DBLP,FreeHGC-TP-selection,,,,,,,,,,,,,,0,0,0,,,,,,,,,,,,,,,,,,,,,,,,,,,,,NaN,NaN,NaN,,,,,,,,,,,,,,,,,,,,,,,,,,,,,,,,,,,,,,,,,,,,,,,,,,,,,,,,,,,,,external_tp,structural_storage_ratio,0.200,25,NaN,NaN,NaN,NaN,0,False,,,,,,,,,,,,,,,,,,,,,,,,,,,,,,,,,,,,,,,,,,
DBLP,FreeHGC-TP-selection,,,,,,,,,,,,,,0,0,0,,,,,,,,,,,,,,,,,,,,,,,,,,,,,NaN,NaN,NaN,,,,,,,,,,,,,,,,,,,,,,,,,,,,,,,,,,,,,,,,,,,,,,,,,,,,,,,,,,,,,external_tp,structural_storage_ratio,0.300,25,NaN,NaN,NaN,NaN,0,False,,,,,,,,,,,,,,,,,,,,,,,,,,,,,,,,,,,,,,,,,,
DBLP,FreeHGC-TP-selection,,,,,,,,,,,,,,0,0,0,,,,,,,,,,,,,,,,,,,,,,,,,,,,,NaN,NaN,NaN,,,,,,,,,,,,,,,,,,,,,,,,,,,,,,,,,,,,,,,,,,,,,,,,,,,,,,,,,,,,,external_tp,support_node_ratio,0.300,25,NaN,NaN,NaN,NaN,0,False,,,,,,,,,,,,,,,,,,,,,,,,,,,,,,,,,,,,,,,,,,
DBLP,FreeHGC-TP-selection,,,,,,,,,,,,,,0,0,0,,,,,,,,,,,,,,,,,,,,,,,,,,,,,NaN,NaN,NaN,,,,,,,,,,,,,,,,,,,,,,,,,,,,,,,,,,,,,,,,,,,,,,,,,,,,,,,,,,,,,external_tp,support_node_ratio,0.500,25,NaN,NaN,NaN,NaN,0,False,,,,,,,,,,,,,,,,,,,,,,,,,,,,,,,,,,,,,,,,,,
DBLP,FreeHGC-TP-synthetic-support,,,,,,,,,,,,,,0,0,0,,,,,,,,,,,,,,,,,,,,,,,,,,,,,NaN,NaN,NaN,,,,,,,,,,,,,,,,,,,,,,,,,,,,,,,,,,,,,,,,,,,,,,,,,,,,,,,,,,,,,external_tp,structural_storage_ratio,0.120,25,NaN,NaN,NaN,NaN,0,False,,,,,,,,,,,,,,,,,,,,,,,,,,,,,,,,,,,,,,,,,,
DBLP,FreeHGC-TP-synthetic-support,,,,,,,,,,,,,,0,0,0,,,,,,,,,,,,,,,,,,,,,,,,,,,,,NaN,NaN,NaN,,,,,,,,,,,,,,,,,,,,,,,,,,,,,,,,,,,,,,,,,,,,,,,,,,,,,,,,,,,,,external_tp,structural_storage_ratio,0.160,25,NaN,NaN,NaN,NaN,0,False,,,,,,,,,,,,,,,,,,,,,,,,,,,,,,,,,,,,,,,,,,
DBLP,FreeHGC-TP-synthetic-support,,,,,,,,,,,,,,0,0,0,,,,,,,,,,,,,,,,,,,,,,,,,,,,,NaN,NaN,NaN,,,,,,,,,,,,,,,,,,,,,,,,,,,,,,,,,,,,,,,,,,,,,,,,,,,,,,,,,,,,,external_tp,structural_storage_ratio,0.200,25,NaN,NaN,NaN,NaN,0,False,,,,,,,,,,,,,,,,,,,,,,,,,,,,,,,,,,,,,,,,,,
DBLP,FreeHGC-TP-synthetic-support,,,,,,,,,,,,,,0,0,0,,,,,,,,,,,,,,,,,,,,,,,,,,,,,NaN,NaN,NaN,,,,,,,,,,,,,,,,,,,,,,,,,,,,,,,,,,,,,,,,,,,,,,,,,,,,,,,,,,,,,external_tp,structural_storage_ratio,0.300,25,NaN,NaN,NaN,NaN,0,False,,,,,,,,,,,,,,,,,,,,,,,,,,,,,,,,,,,,,,,,,,
DBLP,FreeHGC-TP-synthetic-support,,,,,,,,,,,,,,0,0,0,,,,,,,,,,,,,,,,,,,,,,,,,,,,,NaN,NaN,NaN,,,,,,,,,,,,,,,,,,,,,,,,,,,,,,,,,,,,,,,,,,,,,,,,,,,,,,,,,,,,,external_tp,support_node_ratio,0.300,25,NaN,NaN,NaN,NaN,0,False,,,,,,,,,,,,,,,,,,,,,,,,,,,,,,,,,,,,,,,,,,
DBLP,FreeHGC-TP-synthetic-support,,,,,,,,,,,,,,0,0,0,,,,,,,,,,,,,,,,,,,,,,,,,,,,,NaN,NaN,NaN,,,,,,,,,,,,,,,,,,,,,,,,,,,,,,,,,,,,,,,,,,,,,,,,,,,,,,,,,,,,,external_tp,support_node_ratio,0.500,25,NaN,NaN,NaN,NaN,0,False,,,,,,,,,,,,,,,,,,,,,,,,,,,,,,,,,,,,,,,,,,
DBLP,GraphSparsify-TP,,,,,,,,,,,,,,0,0,0,,,,,,,,,,,,,,,,,,,,,,,,,,,,,NaN,NaN,NaN,,,,,,,,,,,,,,,,,,,,,,,,,,,,,,,,,,,,,,,,,,,,,,,,,,,,,,,,,,,,,external_tp,structural_storage_ratio,0.120,25,NaN,NaN,NaN,NaN,0,False,,,,,,,,,,,,,,,,,,,,,,,,,,,,,,,,,,,,,,,,,,
DBLP,GraphSparsify-TP,,,,,,,,,,,,,,0,0,0,,,,,,,,,,,,,,,,,,,,,,,,,,,,,NaN,NaN,NaN,,,,,,,,,,,,,,,,,,,,,,,,,,,,,,,,,,,,,,,,,,,,,,,,,,,,,,,,,,,,,external_tp,structural_storage_ratio,0.160,25,NaN,NaN,NaN,NaN,0,False,,,,,,,,,,,,,,,,,,,,,,,,,,,,,,,,,,,,,,,,,,
DBLP,GraphSparsify-TP,,,,,,,,,,,,,,0,0,0,,,,,,,,,,,,,,,,,,,,,,,,,,,,,NaN,NaN,NaN,,,,,,,,,,,,,,,,,,,,,,,,,,,,,,,,,,,,,,,,,,,,,,,,,,,,,,,,,,,,,external_tp,structural_storage_ratio,0.200,25,NaN,NaN,NaN,NaN,0,False,,,,,,,,,,,,,,,,,,,,,,,,,,,,,,,,,,,,,,,,,,
DBLP,GraphSparsify-TP,,,,,,,,,,,,,,0,0,0,,,,,,,,,,,,,,,,,,,,,,,,,,,,,NaN,NaN,NaN,,,,,,,,,,,,,,,,,,,,,,,,,,,,,,,,,,,,,,,,,,,,,,,,,,,,,,,,,,,,,external_tp,structural_storage_ratio,0.300,25,NaN,NaN,NaN,NaN,0,False,,,,,,,,,,,,,,,,,,,,,,,,,,,,,,,,,,,,,,,,,,
DBLP,GraphSparsify-TP,,,,,,,,,,,,,,0,0,0,,,,,,,,,,,,,,,,,,,,,,,,,,,,,NaN,NaN,NaN,,,,,,,,,,,,,,,,,,,,,,,,,,,,,,,,,,,,,,,,,,,,,,,,,,,,,,,,,,,,,external_tp,support_node_ratio,0.300,25,NaN,NaN,NaN,NaN,0,False,,,,,,,,,,,,,,,,,,,,,,,,,,,,,,,,,,,,,,,,,,
DBLP,GraphSparsify-TP,,,,,,,,,,,,,,1,1,1,,,,,,,,,,,,,,,,,,,,,,,,,,,,,0.853521,0.0,0.8485280000000001,,,,,,,,,,,,,,,,,,,,,,,,,,,,,,,,,,,,,,,,,,,,,,,,,,,,,,,,,,,,,external_tp,support_node_ratio,0.500,25,0.0,0.5506296717276266,0.0,0.0,0,False,,,,,,,,,,,,,,,,,,,,,,,,,,,,,,,,,,,,,,,,,,
DBLP,Herding-HG-TP,,,,,,,,,,,,,,0,0,0,,,,,,,,,,,,,,,,,,,,,,,,,,,,,NaN,NaN,NaN,,,,,,,,,,,,,,,,,,,,,,,,,,,,,,,,,,,,,,,,,,,,,,,,,,,,,,,,,,,,,external_tp,structural_storage_ratio,0.120,25,NaN,NaN,NaN,NaN,0,False,,,,,,,,,,,,,,,,,,,,,,,,,,,,,,,,,,,,,,,,,,
DBLP,Herding-HG-TP,,,,,,,,,,,,,,0,0,0,,,,,,,,,,,,,,,,,,,,,,,,,,,,,NaN,NaN,NaN,,,,,,,,,,,,,,,,,,,,,,,,,,,,,,,,,,,,,,,,,,,,,,,,,,,,,,,,,,,,,external_tp,structural_storage_ratio,0.160,25,NaN,NaN,NaN,NaN,0,False,,,,,,,,,,,,,,,,,,,,,,,,,,,,,,,,,,,,,,,,,,
DBLP,Herding-HG-TP,,,,,,,,,,,,,,0,0,0,,,,,,,,,,,,,,,,,,,,,,,,,,,,,NaN,NaN,NaN,,,,,,,,,,,,,,,,,,,,,,,,,,,,,,,,,,,,,,,,,,,,,,,,,,,,,,,,,,,,,external_tp,structural_storage_ratio,0.200,25,NaN,NaN,NaN,NaN,0,False,,,,,,,,,,,,,,,,,,,,,,,,,,,,,,,,,,,,,,,,,,
DBLP,Herding-HG-TP,,,,,,,,,,,,,,0,0,0,,,,,,,,,,,,,,,,,,,,,,,,,,,,,NaN,NaN,NaN,,,,,,,,,,,,,,,,,,,,,,,,,,,,,,,,,,,,,,,,,,,,,,,,,,,,,,,,,,,,,external_tp,structural_storage_ratio,0.300,25,NaN,NaN,NaN,NaN,0,False,,,,,,,,,,,,,,,,,,,,,,,,,,,,,,,,,,,,,,,,,,
DBLP,Herding-HG-TP,,,,,,,,,,,,,,0,0,0,,,,,,,,,,,,,,,,,,,,,,,,,,,,,NaN,NaN,NaN,,,,,,,,,,,,,,,,,,,,,,,,,,,,,,,,,,,,,,,,,,,,,,,,,,,,,,,,,,,,,external_tp,support_node_ratio,0.300,25,NaN,NaN,NaN,NaN,0,False,,,,,,,,,,,,,,,,,,,,,,,,,,,,,,,,,,,,,,,,,,
DBLP,Herding-HG-TP,,,,,,,,,,,,,,1,1,1,,,,,,,,,,,,,,,,,,,,,,,,,,,,,0.879577,0.0,0.875454,,,,,,,,,,,,,,,,,,,,,,,,,,,,,,,,,,,,,,,,,,,,,,,,,,,,,,,,,,,,,external_tp,support_node_ratio,0.500,25,0.0,0.5706639969287978,0.0,0.0,0,False,,,,,,,,,,,,,,,,,,,,,,,,,,,,,,,,,,,,,,,,,,
DBLP,KCenter-HG-TP,,,,,,,,,,,,,,0,0,0,,,,,,,,,,,,,,,,,,,,,,,,,,,,,NaN,NaN,NaN,,,,,,,,,,,,,,,,,,,,,,,,,,,,,,,,,,,,,,,,,,,,,,,,,,,,,,,,,,,,,external_tp,structural_storage_ratio,0.120,25,NaN,NaN,NaN,NaN,0,False,,,,,,,,,,,,,,,,,,,,,,,,,,,,,,,,,,,,,,,,,,
DBLP,KCenter-HG-TP,,,,,,,,,,,,,,0,0,0,,,,,,,,,,,,,,,,,,,,,,,,,,,,,NaN,NaN,NaN,,,,,,,,,,,,,,,,,,,,,,,,,,,,,,,,,,,,,,,,,,,,,,,,,,,,,,,,,,,,,external_tp,structural_storage_ratio,0.160,25,NaN,NaN,NaN,NaN,0,False,,,,,,,,,,,,,,,,,,,,,,,,,,,,,,,,,,,,,,,,,,
DBLP,KCenter-HG-TP,,,,,,,,,,,,,,0,0,0,,,,,,,,,,,,,,,,,,,,,,,,,,,,,NaN,NaN,NaN,,,,,,,,,,,,,,,,,,,,,,,,,,,,,,,,,,,,,,,,,,,,,,,,,,,,,,,,,,,,,external_tp,structural_storage_ratio,0.200,25,NaN,NaN,NaN,NaN,0,False,,,,,,,,,,,,,,,,,,,,,,,,,,,,,,,,,,,,,,,,,,
DBLP,KCenter-HG-TP,,,,,,,,,,,,,,0,0,0,,,,,,,,,,,,,,,,,,,,,,,,,,,,,NaN,NaN,NaN,,,,,,,,,,,,,,,,,,,,,,,,,,,,,,,,,,,,,,,,,,,,,,,,,,,,,,,,,,,,,external_tp,structural_storage_ratio,0.300,25,NaN,NaN,NaN,NaN,0,False,,,,,,,,,,,,,,,,,,,,,,,,,,,,,,,,,,,,,,,,,,
DBLP,KCenter-HG-TP,,,,,,,,,,,,,,0,0,0,,,,,,,,,,,,,,,,,,,,,,,,,,,,,NaN,NaN,NaN,,,,,,,,,,,,,,,,,,,,,,,,,,,,,,,,,,,,,,,,,,,,,,,,,,,,,,,,,,,,,external_tp,support_node_ratio,0.300,25,NaN,NaN,NaN,NaN,0,False,,,,,,,,,,,,,,,,,,,,,,,,,,,,,,,,,,,,,,,,,,
DBLP,KCenter-HG-TP,,,,,,,,,,,,,,1,1,1,,,,,,,,,,,,,,,,,,,,,,,,,,,,,0.8658450000000001,0.0,0.8608899999999999,,,,,,,,,,,,,,,,,,,,,,,,,,,,,,,,,,,,,,,,,,,,,,,,,,,,,,,,,,,,,external_tp,support_node_ratio,0.500,25,0.0,0.324339277514735,0.0,0.0,0,False,,,,,,,,,,,,,,,,,,,,,,,,,,,,,,,,,,,,,,,,,,
DBLP,Random-HG-TP,,,,,,,,,,,,,,0,0,0,,,,,,,,,,,,,,,,,,,,,,,,,,,,,NaN,NaN,NaN,,,,,,,,,,,,,,,,,,,,,,,,,,,,,,,,,,,,,,,,,,,,,,,,,,,,,,,,,,,,,external_tp,structural_storage_ratio,0.120,25,NaN,NaN,NaN,NaN,0,False,,,,,,,,,,,,,,,,,,,,,,,,,,,,,,,,,,,,,,,,,,
DBLP,Random-HG-TP,,,,,,,,,,,,,,0,0,0,,,,,,,,,,,,,,,,,,,,,,,,,,,,,NaN,NaN,NaN,,,,,,,,,,,,,,,,,,,,,,,,,,,,,,,,,,,,,,,,,,,,,,,,,,,,,,,,,,,,,external_tp,structural_storage_ratio,0.160,25,NaN,NaN,NaN,NaN,0,False,,,,,,,,,,,,,,,,,,,,,,,,,,,,,,,,,,,,,,,,,,
DBLP,Random-HG-TP,,,,,,,,,,,,,,0,0,0,,,,,,,,,,,,,,,,,,,,,,,,,,,,,NaN,NaN,NaN,,,,,,,,,,,,,,,,,,,,,,,,,,,,,,,,,,,,,,,,,,,,,,,,,,,,,,,,,,,,,external_tp,structural_storage_ratio,0.200,25,NaN,NaN,NaN,NaN,0,False,,,,,,,,,,,,,,,,,,,,,,,,,,,,,,,,,,,,,,,,,,
DBLP,Random-HG-TP,,,,,,,,,,,,,,0,0,0,,,,,,,,,,,,,,,,,,,,,,,,,,,,,NaN,NaN,NaN,,,,,,,,,,,,,,,,,,,,,,,,,,,,,,,,,,,,,,,,,,,,,,,,,,,,,,,,,,,,,external_tp,structural_storage_ratio,0.300,25,NaN,NaN,NaN,NaN,0,False,,,,,,,,,,,,,,,,,,,,,,,,,,,,,,,,,,,,,,,,,,
DBLP,Random-HG-TP,,,,,,,,,,,,,,0,0,0,,,,,,,,,,,,,,,,,,,,,,,,,,,,,NaN,NaN,NaN,,,,,,,,,,,,,,,,,,,,,,,,,,,,,,,,,,,,,,,,,,,,,,,,,,,,,,,,,,,,,external_tp,support_node_ratio,0.300,25,NaN,NaN,NaN,NaN,0,False,,,,,,,,,,,,,,,,,,,,,,,,,,,,,,,,,,,,,,,,,,
DBLP,Random-HG-TP,,,,,,,,,,,,,,1,1,1,,,,,,,,,,,,,,,,,,,,,,,,,,,,,0.8478870000000001,0.0,0.842693,,,,,,,,,,,,,,,,,,,,,,,,,,,,,,,,,,,,,,,,,,,,,,,,,,,,,,,,,,,,,external_tp,support_node_ratio,0.500,25,0.0,0.31900231092911396,0.0,0.0,0,False,,,,,,,,,,,,,,,,,,,,,,,,,,,,,,,,,,,,,,,,,,
DBLP,,,,,,,,,,,,,,,0,,,,,,,,,,,,,,,,,,,,,,,,,,,,,,,NaN,,NaN,,,,,,,,,,,,,,,,,,,,,,,,,,,,,,,,,,,,,,,,,,,,,,,,,,,,,,,,,,,,,freehgc_standard,,,,,,,,,,0.012,5,False,FreeHGC HGB upstream source is missing required model/data-loader files.,,,,,,,,,,,,,,,,,,,,,,,,,,,,,,,,,,,,,,
DBLP,,,,,,,,,,,,,,,0,,,,,,,,,,,,,,,,,,,,,,,,,,,,,,,NaN,,NaN,,,,,,,,,,,,,,,,,,,,,,,,,,,,,,,,,,,,,,,,,,,,,,,,,,,,,,,,,,,,,freehgc_standard,,,,,,,,,,0.024,5,False,FreeHGC HGB upstream source is missing required model/data-loader files.,,,,,,,,,,,,,,,,,,,,,,,,,,,,,,,,,,,,,,
DBLP,,,,,,,,,,,,,,,0,,,,,,,,,,,,,,,,,,,,,,,,,,,,,,,NaN,,NaN,,,,,,,,,,,,,,,,,,,,,,,,,,,,,,,,,,,,,,,,,,,,,,,,,,,,,,,,,,,,,freehgc_standard,,,,,,,,,,0.048,5,False,FreeHGC HGB upstream source is missing required model/data-loader files.,,,,,,,,,,,,,,,,,,,,,,,,,,,,,,,,,,,,,,
DBLP,,,,,,,,,,,,,,,0,,,,,,,,,,,,,,,,,,,,,,,,,,,,,,,NaN,,NaN,,,,,,,,,,,,,,,,,,,,,,,,,,,,,,,,,,,,,,,,,,,,,,,,,,,,,,,,,,,,,freehgc_standard,,,,,,,,,,0.096,5,False,FreeHGC HGB upstream source is missing required model/data-loader files.,,,,,,,,,,,,,,,,,,,,,,,,,,,,,,,,,,,,,,
DBLP,,,,,,,,,,,,,,,0,,,,,,,,,,,,,,,,,,,,,,,,,,,,,,,NaN,,NaN,,,,,,,,,,,,,,,,,,,,,,,,,,,,,,,,,,,,,,,,,,,,,,,,,,,,,,,,,,,,,freehgc_standard,,,,,,,,,,0.120,5,False,FreeHGC HGB upstream source is missing required model/data-loader files.,,,,,,,,,,,,,,,,,,,,,,,,,,,,,,,,,,,,,,
DBLP,FreeHGC-TP-selection,,external_tp_baseline,True,False,,False,False,,False,False,False,False,,,,,,,,,,,,,,,,,,,,,,,,,,,,,,,,False,,,,,hard_incompatibility,,,,False,,,,,,,,,,,,,,,,,,,,False,,,,,,,False,False,not_applicable,,,,,,,,,,,,,,,,,,,,,,schema_preserving_tp_workload,True,False,True,freehgc_tp,,,,,,,,,,,,,freehgc_hgb_required_files_missing_and_hardcoded_linux_data_path,external\FreeHGC,False,True,False,False,False,False,,,,,,,,,,,,,,,,,,,,,,,,,,,,,,,
DBLP,FreeHGC-TP-synthetic-support,,external_tp_baseline,True,False,,False,True,,False,False,False,False,,,,,,,,,,,,,,,,,,,,,,,,,,,,,,,,False,,,,,hard_incompatibility,,,,False,,,,,,,,,,,,,,,,,,,,False,,,,,,,False,False,not_applicable,,,,,,,,,,,,,,,,,,,,,,schema_preserving_tp_workload,True,False,True,freehgc_tp,,,,,,,,,,,,,synthetic_support_node_lacks_id;cannot_construct_link_dat_endpoints;feature_schema_incompatible;official_sehgnn_loader_rejection,external\FreeHGC,False,True,False,False,False,False,,,,,,,,,,,,,,,,,,,,,,,,,,,,,,,
DBLP,full/export-full,,mechanism_audit,True,False,,False,False,,False,False,False,False,,,,,,,,,,,,,,,,,,,,,,,,,,,,,,,,,,,,,official_sehgnn_tensor_patch_not_executed,,,,False,,,,,,,,,,,,,,,,,,,,False,,,,,,,False,False,not_applicable,,,,,,,,,,,,,,,,,,,,,,diagnostic_only,True,False,True,metapath_cache,,,,,,,,,,,,,Gate21.13 found real SeHGNN cache artifacts on disk but no patched intermediate metapath tensor dump for this method.,,,,,,,,,,,NaN,NaN,NaN,,,,NaN,NaN,,external\SeHGNN\hgb\output\DBLP\003fcfef93f14f5b850da7b907633490.pkl,52018967,1a3da57d61e3f6b3b3282f34df9caf9970eee02bb2a12a88b360fae71069f85f,False,False,,,,,,,,,,,,,,
DBLP,H6-node30,,mechanism_audit,True,False,,False,False,,False,False,False,False,,,,,,,,,,,,,,,,,,,,,,,,,,,,,,,,,,,,,official_sehgnn_tensor_patch_not_executed,,,,False,,,,,,,,,,,,,,,,,,,,False,,,,,,,False,False,not_applicable,,,,,,,,,,,,,,,,,,,,,,diagnostic_only,True,False,True,metapath_cache,,,,,,,,,,,,,Gate21.13 found real SeHGNN cache artifacts on disk but no patched intermediate metapath tensor dump for this method.,,,,,,,,,,,NaN,NaN,NaN,,,,NaN,NaN,,external\SeHGNN\hgb\output\DBLP\0049caa2eb084083960c34d0e6e2c6fa.pkl,43394839,1412b8d51e0c0ec505b6a4a4d8c37a298c82c3c8c3d489355a4ffb1468e82665,False,False,,,,,,,,,,,,,,
DBLP,H6-APV-skeleton,,mechanism_audit,True,False,,False,False,,False,False,False,False,,,,,,,,,,,,,,,,,,,,,,,,,,,,,,,,,,,,,official_sehgnn_tensor_patch_not_executed,,,,False,,,,,,,,,,,,,,,,,,,,False,,,,,,,False,False,not_applicable,,,,,,,,,,,,,,,,,,,,,,diagnostic_only,True,False,True,metapath_cache,,,,,,,,,,,,,Gate21.13 found real SeHGNN cache artifacts on disk but no patched intermediate metapath tensor dump for this method.,,,,,,,,,,,NaN,NaN,NaN,,,,NaN,NaN,,external\SeHGNN\hgb\output\DBLP\0074ba03e755438ca4d0fb7ecf3f3893.pkl,43394839,72f80ce812ea51e49d5da921cb40d3873dcfe0efd5c60b4dd7f11ec856a80c9b,False,False,,,,,,,,,,,,,,
DBLP,HeSF-RCS-APV12,,mechanism_audit,True,False,,False,False,,False,False,False,False,,,,,,,,,,,,,,,,,,,,,,,,,,,,,,,,,,,,,official_sehgnn_tensor_patch_not_executed,,,,False,,,,,,,,,,,,,,,,,,,,False,,,,,,,False,False,not_applicable,,,,,,,,,,,,,,,,,,,,,,diagnostic_only,True,False,True,metapath_cache,,,,,,,,,,,,,Gate21.13 found real SeHGNN cache artifacts on disk but no patched intermediate metapath tensor dump for this method.,,,,,,,,,,,NaN,NaN,NaN,,,,NaN,NaN,,external\SeHGNN\hgb\output\DBLP\00c727d043754273ba664dd9f96d4fb2.pkl,43394839,8b4593e7745a9891e369fadd59d15df4b5e8a11d0d8f3cc1b653e7ef8aa69e35,False,False,,,,,,,,,,,,,,
DBLP,HeSF-RCS-APV16,,mechanism_audit,True,False,,False,False,,False,False,False,False,,,,,,,,,,,,,,,,,,,,,,,,,,,,,,,,,,,,,official_sehgnn_tensor_patch_not_executed,,,,False,,,,,,,,,,,,,,,,,,,,False,,,,,,,False,False,not_applicable,,,,,,,,,,,,,,,,,,,,,,diagnostic_only,True,False,True,metapath_cache,,,,,,,,,,,,,Gate21.13 found real SeHGNN cache artifacts on disk but no patched intermediate metapath tensor dump for this method.,,,,,,,,,,,NaN,NaN,NaN,,,,NaN,NaN,,external\SeHGNN\hgb\output\DBLP\00d6a69cf4f840b687e1ee3a3dd0a2a0.pkl,43394839,9526bd6e23c139a83c2bd5eaf88115e147d7089cca7e0ca0b18305f65b09dbae,False,False,,,,,,,,,,,,,,
DBLP,HeSF-RCS-APV12-PTTP10,,mechanism_audit,True,False,,False,False,,False,False,False,False,,,,,,,,,,,,,,,,,,,,,,,,,,,,,,,,,,,,,official_sehgnn_tensor_patch_not_executed,,,,False,,,,,,,,,,,,,,,,,,,,False,,,,,,,False,False,not_applicable,,,,,,,,,,,,,,,,,,,,,,diagnostic_only,True,False,True,metapath_cache,,,,,,,,,,,,,Gate21.13 found real SeHGNN cache artifacts on disk but no patched intermediate metapath tensor dump for this method.,,,,,,,,,,,NaN,NaN,NaN,,,,NaN,NaN,,external\SeHGNN\hgb\output\DBLP\00d89064f06e461fb503b4cd51d97829.pkl,43394839,c3f55396a684026d42f6f9a5e9d2f8771fd3420dcd87f7258b9f8e2cde4c5330,False,False,,,,,,,,,,,,,,
DBLP,HeSF-RCS-APV12-PV75,,mechanism_audit,True,False,,False,False,,False,False,False,False,,,,,,,,,,,,,,,,,,,,,,,,,,,,,,,,,,,,,official_sehgnn_tensor_patch_not_executed,,,,False,,,,,,,,,,,,,,,,,,,,False,,,,,,,False,False,not_applicable,,,,,,,,,,,,,,,,,,,,,,diagnostic_only,True,False,True,metapath_cache,,,,,,,,,,,,,Gate21.13 found real SeHGNN cache artifacts on disk but no patched intermediate metapath tensor dump for this method.,,,,,,,,,,,NaN,NaN,NaN,,,,NaN,NaN,,external\SeHGNN\hgb\output\DBLP\00db159fbcd14b2fba0a9be24f8e9565.pkl,34991895,f3c9aed42fa28de0c8dace56a21c3b4a70585d76362a27e8ee94f8d3d7237a40,False,False,,,,,,,,,,,,,,
,,,,,,,,,,,,,,,0,,,,,,,,,,,,,,,,,,,,,,,,,,,,,,,NaN,,NaN,,,,,,,,,,,,,,,,,,,,,,,,,,,,,,,,,,,,,,,,,,,,,,,,,,,,,,,,,,,,,feature_ablation,,,,,,,,,,,,,,,,,,,,,,,,,,,,,,,,,,,,,,H6-APV-skeleton,paper-RP64,default,1,False,,,,,,,,,
,,,,,,,,,,,,,,,0,,,,,,,,,,,,,,,,,,,,,,,,,,,,,,,NaN,,NaN,,,,,,,,,,,,,,,,,,,,,,,,,,,,,,,,,,,,,,,,,,,,,,,,,,,,,,,,,,,,,feature_ablation,,,,,,,,,,,,,,,,,,,,,,,,,,,,,,,,,,,,,,H6-APV-skeleton,paper-RP64,feature_only_mlp_adapter,1,False,,,,,,,,,
,,,,,,,,,,,,,,,0,,,,,,,,,,,,,,,,,,,,,,,,,,,,,,,NaN,,NaN,,,,,,,,,,,,,,,,,,,,,,,,,,,,,,,,,,,,,,,,,,,,,,,,,,,,,,,,,,,,,feature_ablation,,,,,,,,,,,,,,,,,,,,,,,,,,,,,,,,,,,,,,H6-APV-skeleton,paper-RP64,no_label_feats,1,False,,,,,,,,,
,,,,,,,,,,,,,,,0,,,,,,,,,,,,,,,,,,,,,,,,,,,,,,,NaN,,NaN,,,,,,,,,,,,,,,,,,,,,,,,,,,,,,,,,,,,,,,,,,,,,,,,,,,,,,,,,,,,,feature_ablation,,,,,,,,,,,,,,,,,,,,,,,,,,,,,,,,,,,,,,H6-APV-skeleton,paper-RP64,num_feature_hops_0,1,False,,,,,,,,,
,,,,,,,,,,,,,,,0,,,,,,,,,,,,,,,,,,,,,,,,,,,,,,,NaN,,NaN,,,,,,,,,,,,,,,,,,,,,,,,,,,,,,,,,,,,,,,,,,,,,,,,,,,,,,,,,,,,,feature_ablation,,,,,,,,,,,,,,,,,,,,,,,,,,,,,,,,,,,,,,H6-APV-skeleton,paper-RP64,num_label_hops_0,1,False,,,,,,,,,
,,,,,,,,,,,,,,,0,,,,,,,,,,,,,,,,,,,,,,,,,,,,,,,NaN,,NaN,,,,,,,,,,,,,,,,,,,,,,,,,,,,,,,,,,,,,,,,,,,,,,,,,,,,,,,,,,,,,feature_ablation,,,,,,,,,,,,,,,,,,,,,,,,,,,,,,,,,,,,,,H6-APV-skeleton,paper-only,default,1,False,,,,,,,,,
,,,,,,,,,,,,,,,0,,,,,,,,,,,,,,,,,,,,,,,,,,,,,,,NaN,,NaN,,,,,,,,,,,,,,,,,,,,,,,,,,,,,,,,,,,,,,,,,,,,,,,,,,,,,,,,,,,,,feature_ablation,,,,,,,,,,,,,,,,,,,,,,,,,,,,,,,,,,,,,,H6-APV-skeleton,paper-only,feature_only_mlp_adapter,1,False,,,,,,,,,
,,,,,,,,,,,,,,,0,,,,,,,,,,,,,,,,,,,,,,,,,,,,,,,NaN,,NaN,,,,,,,,,,,,,,,,,,,,,,,,,,,,,,,,,,,,,,,,,,,,,,,,,,,,,,,,,,,,,feature_ablation,,,,,,,,,,,,,,,,,,,,,,,,,,,,,,,,,,,,,,H6-APV-skeleton,paper-only,no_label_feats,1,False,,,,,,,,,
,,,,,,,,,,,,,,,0,,,,,,,,,,,,,,,,,,,,,,,,,,,,,,,NaN,,NaN,,,,,,,,,,,,,,,,,,,,,,,,,,,,,,,,,,,,,,,,,,,,,,,,,,,,,,,,,,,,,feature_ablation,,,,,,,,,,,,,,,,,,,,,,,,,,,,,,,,,,,,,,H6-APV-skeleton,paper-only,num_feature_hops_0,1,False,,,,,,,,,
,,,,,,,,,,,,,,,0,,,,,,,,,,,,,,,,,,,,,,,,,,,,,,,NaN,,NaN,,,,,,,,,,,,,,,,,,,,,,,,,,,,,,,,,,,,,,,,,,,,,,,,,,,,,,,,,,,,,feature_ablation,,,,,,,,,,,,,,,,,,,,,,,,,,,,,,,,,,,,,,H6-APV-skeleton,paper-only,num_label_hops_0,1,False,,,,,,,,,
,,,,,,,,,,,,,,,9,,,,,,,,,,,,,,,,,,,,,,,,,,,,,,,0.9482394444444443,,0.9443579999999999,,,,,,,,,,,,,,,,,,,,,,,,,,,,,,,,,,,,,,,,,,,,,,,,,,,,,,,,,,,,,feature_ablation,,,,,,,,,,,,,,,,,,,,,,,,,,,,,,,,,,,,,,H6-APV-skeleton,paper-pca64,default,9,True,,,,,,,,,
,,,,,,,,,,,,,,,0,,,,,,,,,,,,,,,,,,,,,,,,,,,,,,,NaN,,NaN,,,,,,,,,,,,,,,,,,,,,,,,,,,,,,,,,,,,,,,,,,,,,,,,,,,,,,,,,,,,,feature_ablation,,,,,,,,,,,,,,,,,,,,,,,,,,,,,,,,,,,,,,H6-APV-skeleton,paper-pca64,feature_only_mlp_adapter,1,False,,,,,,,,,
,,,,,,,,,,,,,,,0,,,,,,,,,,,,,,,,,,,,,,,,,,,,,,,NaN,,NaN,,,,,,,,,,,,,,,,,,,,,,,,,,,,,,,,,,,,,,,,,,,,,,,,,,,,,,,,,,,,,feature_ablation,,,,,,,,,,,,,,,,,,,,,,,,,,,,,,,,,,,,,,H6-APV-skeleton,paper-pca64,no_label_feats,1,False,,,,,,,,,
,,,,,,,,,,,,,,,0,,,,,,,,,,,,,,,,,,,,,,,,,,,,,,,NaN,,NaN,,,,,,,,,,,,,,,,,,,,,,,,,,,,,,,,,,,,,,,,,,,,,,,,,,,,,,,,,,,,,feature_ablation,,,,,,,,,,,,,,,,,,,,,,,,,,,,,,,,,,,,,,H6-APV-skeleton,paper-pca64,num_feature_hops_0,1,False,,,,,,,,,
,,,,,,,,,,,,,,,0,,,,,,,,,,,,,,,,,,,,,,,,,,,,,,,NaN,,NaN,,,,,,,,,,,,,,,,,,,,,,,,,,,,,,,,,,,,,,,,,,,,,,,,,,,,,,,,,,,,,feature_ablation,,,,,,,,,,,,,,,,,,,,,,,,,,,,,,,,,,,,,,H6-APV-skeleton,paper-pca64,num_label_hops_0,1,False,,,,,,,,,
,,,,,,,,,,,,,,,9,,,,,,,,,,,,,,,,,,,,,,,,,,,,,,,0.9491393333333333,,0.9455236666666667,,,,,,,,,,,,,,,,,,,,,,,,,,,,,,,,,,,,,,,,,,,,,,,,,,,,,,,,,,,,,feature_ablation,,,,,,,,,,,,,,,,,,,,,,,,,,,,,,,,,,,,,,H6-APV-skeleton,raw,default,9,True,,,,,,,,,
,,,,,,,,,,,,,,,0,,,,,,,,,,,,,,,,,,,,,,,,,,,,,,,NaN,,NaN,,,,,,,,,,,,,,,,,,,,,,,,,,,,,,,,,,,,,,,,,,,,,,,,,,,,,,,,,,,,,feature_ablation,,,,,,,,,,,,,,,,,,,,,,,,,,,,,,,,,,,,,,H6-APV-skeleton,raw,feature_only_mlp_adapter,1,False,,,,,,,,,
,,,,,,,,,,,,,,,0,,,,,,,,,,,,,,,,,,,,,,,,,,,,,,,NaN,,NaN,,,,,,,,,,,,,,,,,,,,,,,,,,,,,,,,,,,,,,,,,,,,,,,,,,,,,,,,,,,,,feature_ablation,,,,,,,,,,,,,,,,,,,,,,,,,,,,,,,,,,,,,,H6-APV-skeleton,raw,no_label_feats,1,False,,,,,,,,,
,,,,,,,,,,,,,,,0,,,,,,,,,,,,,,,,,,,,,,,,,,,,,,,NaN,,NaN,,,,,,,,,,,,,,,,,,,,,,,,,,,,,,,,,,,,,,,,,,,,,,,,,,,,,,,,,,,,,feature_ablation,,,,,,,,,,,,,,,,,,,,,,,,,,,,,,,,,,,,,,H6-APV-skeleton,raw,num_feature_hops_0,1,False,,,,,,,,,
,,,,,,,,,,,,,,,0,,,,,,,,,,,,,,,,,,,,,,,,,,,,,,,NaN,,NaN,,,,,,,,,,,,,,,,,,,,,,,,,,,,,,,,,,,,,,,,,,,,,,,,,,,,,,,,,,,,,feature_ablation,,,,,,,,,,,,,,,,,,,,,,,,,,,,,,,,,,,,,,H6-APV-skeleton,raw,num_label_hops_0,1,False,,,,,,,,,
,,,,,,,,,,,,,,,0,,,,,,,,,,,,,,,,,,,,,,,,,,,,,,,NaN,,NaN,,,,,,,,,,,,,,,,,,,,,,,,,,,,,,,,,,,,,,,,,,,,,,,,,,,,,,,,,,,,,feature_ablation,,,,,,,,,,,,,,,,,,,,,,,,,,,,,,,,,,,,,,H6-APV-skeleton,term-only,default,1,False,,,,,,,,,
,,,,,,,,,,,,,,,0,,,,,,,,,,,,,,,,,,,,,,,,,,,,,,,NaN,,NaN,,,,,,,,,,,,,,,,,,,,,,,,,,,,,,,,,,,,,,,,,,,,,,,,,,,,,,,,,,,,,feature_ablation,,,,,,,,,,,,,,,,,,,,,,,,,,,,,,,,,,,,,,H6-APV-skeleton,term-only,feature_only_mlp_adapter,1,False,,,,,,,,,
,,,,,,,,,,,,,,,0,,,,,,,,,,,,,,,,,,,,,,,,,,,,,,,NaN,,NaN,,,,,,,,,,,,,,,,,,,,,,,,,,,,,,,,,,,,,,,,,,,,,,,,,,,,,,,,,,,,,feature_ablation,,,,,,,,,,,,,,,,,,,,,,,,,,,,,,,,,,,,,,H6-APV-skeleton,term-only,no_label_feats,1,False,,,,,,,,,
,,,,,,,,,,,,,,,0,,,,,,,,,,,,,,,,,,,,,,,,,,,,,,,NaN,,NaN,,,,,,,,,,,,,,,,,,,,,,,,,,,,,,,,,,,,,,,,,,,,,,,,,,,,,,,,,,,,,feature_ablation,,,,,,,,,,,,,,,,,,,,,,,,,,,,,,,,,,,,,,H6-APV-skeleton,term-only,num_feature_hops_0,1,False,,,,,,,,,
,,,,,,,,,,,,,,,0,,,,,,,,,,,,,,,,,,,,,,,,,,,,,,,NaN,,NaN,,,,,,,,,,,,,,,,,,,,,,,,,,,,,,,,,,,,,,,,,,,,,,,,,,,,,,,,,,,,,feature_ablation,,,,,,,,,,,,,,,,,,,,,,,,,,,,,,,,,,,,,,H6-APV-skeleton,term-only,num_label_hops_0,1,False,,,,,,,,,
,,,,,,,,,,,,,,,0,,,,,,,,,,,,,,,,,,,,,,,,,,,,,,,NaN,,NaN,,,,,,,,,,,,,,,,,,,,,,,,,,,,,,,,,,,,,,,,,,,,,,,,,,,,,,,,,,,,,feature_ablation,,,,,,,,,,,,,,,,,,,,,,,,,,,,,,,,,,,,,,H6-APV-skeleton,zero-all-support,default,1,False,,,,,,,,,
,,,,,,,,,,,,,,,0,,,,,,,,,,,,,,,,,,,,,,,,,,,,,,,NaN,,NaN,,,,,,,,,,,,,,,,,,,,,,,,,,,,,,,,,,,,,,,,,,,,,,,,,,,,,,,,,,,,,feature_ablation,,,,,,,,,,,,,,,,,,,,,,,,,,,,,,,,,,,,,,H6-APV-skeleton,zero-all-support,feature_only_mlp_adapter,1,False,,,,,,,,,
,,,,,,,,,,,,,,,0,,,,,,,,,,,,,,,,,,,,,,,,,,,,,,,NaN,,NaN,,,,,,,,,,,,,,,,,,,,,,,,,,,,,,,,,,,,,,,,,,,,,,,,,,,,,,,,,,,,,feature_ablation,,,,,,,,,,,,,,,,,,,,,,,,,,,,,,,,,,,,,,H6-APV-skeleton,zero-all-support,no_label_feats,1,False,,,,,,,,,
,,,,,,,,,,,,,,,0,,,,,,,,,,,,,,,,,,,,,,,,,,,,,,,NaN,,NaN,,,,,,,,,,,,,,,,,,,,,,,,,,,,,,,,,,,,,,,,,,,,,,,,,,,,,,,,,,,,,feature_ablation,,,,,,,,,,,,,,,,,,,,,,,,,,,,,,,,,,,,,,H6-APV-skeleton,zero-all-support,num_feature_hops_0,1,False,,,,,,,,,
,,,,,,,,,,,,,,,0,,,,,,,,,,,,,,,,,,,,,,,,,,,,,,,NaN,,NaN,,,,,,,,,,,,,,,,,,,,,,,,,,,,,,,,,,,,,,,,,,,,,,,,,,,,,,,,,,,,,feature_ablation,,,,,,,,,,,,,,,,,,,,,,,,,,,,,,,,,,,,,,H6-APV-skeleton,zero-all-support,num_label_hops_0,1,False,,,,,,,,,
,,,,,,,,,,,,,,,9,,,,,,,,,,,,,,,,,,,,,,,,,,,,,,,0.9486306666666666,,0.9448863333333334,,,,,,,,,,,,,,,,,,,,,,,,,,,,,,,,,,,,,,,,,,,,,,,,,,,,,,,,,,,,,feature_ablation,,,,,,,,,,,,,,,,,,,,,,,,,,,,,,,,,,,,,,H6-APV-skeleton,zero-paper,default,9,True,,,,,,,,,
,,,,,,,,,,,,,,,0,,,,,,,,,,,,,,,,,,,,,,,,,,,,,,,NaN,,NaN,,,,,,,,,,,,,,,,,,,,,,,,,,,,,,,,,,,,,,,,,,,,,,,,,,,,,,,,,,,,,feature_ablation,,,,,,,,,,,,,,,,,,,,,,,,,,,,,,,,,,,,,,H6-APV-skeleton,zero-paper,feature_only_mlp_adapter,1,False,,,,,,,,,
,,,,,,,,,,,,,,,0,,,,,,,,,,,,,,,,,,,,,,,,,,,,,,,NaN,,NaN,,,,,,,,,,,,,,,,,,,,,,,,,,,,,,,,,,,,,,,,,,,,,,,,,,,,,,,,,,,,,feature_ablation,,,,,,,,,,,,,,,,,,,,,,,,,,,,,,,,,,,,,,H6-APV-skeleton,zero-paper,no_label_feats,1,False,,,,,,,,,
,,,,,,,,,,,,,,,0,,,,,,,,,,,,,,,,,,,,,,,,,,,,,,,NaN,,NaN,,,,,,,,,,,,,,,,,,,,,,,,,,,,,,,,,,,,,,,,,,,,,,,,,,,,,,,,,,,,,feature_ablation,,,,,,,,,,,,,,,,,,,,,,,,,,,,,,,,,,,,,,H6-APV-skeleton,zero-paper,num_feature_hops_0,1,False,,,,,,,,,
,,,,,,,,,,,,,,,0,,,,,,,,,,,,,,,,,,,,,,,,,,,,,,,NaN,,NaN,,,,,,,,,,,,,,,,,,,,,,,,,,,,,,,,,,,,,,,,,,,,,,,,,,,,,,,,,,,,,feature_ablation,,,,,,,,,,,,,,,,,,,,,,,,,,,,,,,,,,,,,,H6-APV-skeleton,zero-paper,num_label_hops_0,1,False,,,,,,,,,
,,,,,,,,,,,,,,,0,,,,,,,,,,,,,,,,,,,,,,,,,,,,,,,NaN,,NaN,,,,,,,,,,,,,,,,,,,,,,,,,,,,,,,,,,,,,,,,,,,,,,,,,,,,,,,,,,,,,feature_ablation,,,,,,,,,,,,,,,,,,,,,,,,,,,,,,,,,,,,,,H6-APV-skeleton,zero-term,default,1,False,,,,,,,,,
,,,,,,,,,,,,,,,0,,,,,,,,,,,,,,,,,,,,,,,,,,,,,,,NaN,,NaN,,,,,,,,,,,,,,,,,,,,,,,,,,,,,,,,,,,,,,,,,,,,,,,,,,,,,,,,,,,,,feature_ablation,,,,,,,,,,,,,,,,,,,,,,,,,,,,,,,,,,,,,,H6-APV-skeleton,zero-term,feature_only_mlp_adapter,1,False,,,,,,,,,
,,,,,,,,,,,,,,,0,,,,,,,,,,,,,,,,,,,,,,,,,,,,,,,NaN,,NaN,,,,,,,,,,,,,,,,,,,,,,,,,,,,,,,,,,,,,,,,,,,,,,,,,,,,,,,,,,,,,feature_ablation,,,,,,,,,,,,,,,,,,,,,,,,,,,,,,,,,,,,,,H6-APV-skeleton,zero-term,no_label_feats,1,False,,,,,,,,,
,,,,,,,,,,,,,,,0,,,,,,,,,,,,,,,,,,,,,,,,,,,,,,,NaN,,NaN,,,,,,,,,,,,,,,,,,,,,,,,,,,,,,,,,,,,,,,,,,,,,,,,,,,,,,,,,,,,,feature_ablation,,,,,,,,,,,,,,,,,,,,,,,,,,,,,,,,,,,,,,H6-APV-skeleton,zero-term,num_feature_hops_0,1,False,,,,,,,,,
,,,,,,,,,,,,,,,0,,,,,,,,,,,,,,,,,,,,,,,,,,,,,,,NaN,,NaN,,,,,,,,,,,,,,,,,,,,,,,,,,,,,,,,,,,,,,,,,,,,,,,,,,,,,,,,,,,,,feature_ablation,,,,,,,,,,,,,,,,,,,,,,,,,,,,,,,,,,,,,,H6-APV-skeleton,zero-term,num_label_hops_0,1,False,,,,,,,,,
,,,,,,,,,,,,,,,0,,,,,,,,,,,,,,,,,,,,,,,,,,,,,,,NaN,,NaN,,,,,,,,,,,,,,,,,,,,,,,,,,,,,,,,,,,,,,,,,,,,,,,,,,,,,,,,,,,,,feature_ablation,,,,,,,,,,,,,,,,,,,,,,,,,,,,,,,,,,,,,,H6-node30,paper-RP64,default,1,False,,,,,,,,,
,,,,,,,,,,,,,,,0,,,,,,,,,,,,,,,,,,,,,,,,,,,,,,,NaN,,NaN,,,,,,,,,,,,,,,,,,,,,,,,,,,,,,,,,,,,,,,,,,,,,,,,,,,,,,,,,,,,,feature_ablation,,,,,,,,,,,,,,,,,,,,,,,,,,,,,,,,,,,,,,H6-node30,paper-RP64,feature_only_mlp_adapter,1,False,,,,,,,,,
,,,,,,,,,,,,,,,0,,,,,,,,,,,,,,,,,,,,,,,,,,,,,,,NaN,,NaN,,,,,,,,,,,,,,,,,,,,,,,,,,,,,,,,,,,,,,,,,,,,,,,,,,,,,,,,,,,,,feature_ablation,,,,,,,,,,,,,,,,,,,,,,,,,,,,,,,,,,,,,,H6-node30,paper-RP64,no_label_feats,1,False,,,,,,,,,
,,,,,,,,,,,,,,,0,,,,,,,,,,,,,,,,,,,,,,,,,,,,,,,NaN,,NaN,,,,,,,,,,,,,,,,,,,,,,,,,,,,,,,,,,,,,,,,,,,,,,,,,,,,,,,,,,,,,feature_ablation,,,,,,,,,,,,,,,,,,,,,,,,,,,,,,,,,,,,,,H6-node30,paper-RP64,num_feature_hops_0,1,False,,,,,,,,,
,,,,,,,,,,,,,,,0,,,,,,,,,,,,,,,,,,,,,,,,,,,,,,,NaN,,NaN,,,,,,,,,,,,,,,,,,,,,,,,,,,,,,,,,,,,,,,,,,,,,,,,,,,,,,,,,,,,,feature_ablation,,,,,,,,,,,,,,,,,,,,,,,,,,,,,,,,,,,,,,H6-node30,paper-RP64,num_label_hops_0,1,False,,,,,,,,,
,,,,,,,,,,,,,,,0,,,,,,,,,,,,,,,,,,,,,,,,,,,,,,,NaN,,NaN,,,,,,,,,,,,,,,,,,,,,,,,,,,,,,,,,,,,,,,,,,,,,,,,,,,,,,,,,,,,,feature_ablation,,,,,,,,,,,,,,,,,,,,,,,,,,,,,,,,,,,,,,H6-node30,paper-only,default,1,False,,,,,,,,,
,,,,,,,,,,,,,,,0,,,,,,,,,,,,,,,,,,,,,,,,,,,,,,,NaN,,NaN,,,,,,,,,,,,,,,,,,,,,,,,,,,,,,,,,,,,,,,,,,,,,,,,,,,,,,,,,,,,,feature_ablation,,,,,,,,,,,,,,,,,,,,,,,,,,,,,,,,,,,,,,H6-node30,paper-only,feature_only_mlp_adapter,1,False,,,,,,,,,
,,,,,,,,,,,,,,,0,,,,,,,,,,,,,,,,,,,,,,,,,,,,,,,NaN,,NaN,,,,,,,,,,,,,,,,,,,,,,,,,,,,,,,,,,,,,,,,,,,,,,,,,,,,,,,,,,,,,feature_ablation,,,,,,,,,,,,,,,,,,,,,,,,,,,,,,,,,,,,,,H6-node30,paper-only,no_label_feats,1,False,,,,,,,,,
,,,,,,,,,,,,,,,0,,,,,,,,,,,,,,,,,,,,,,,,,,,,,,,NaN,,NaN,,,,,,,,,,,,,,,,,,,,,,,,,,,,,,,,,,,,,,,,,,,,,,,,,,,,,,,,,,,,,feature_ablation,,,,,,,,,,,,,,,,,,,,,,,,,,,,,,,,,,,,,,H6-node30,paper-only,num_feature_hops_0,1,False,,,,,,,,,
,,,,,,,,,,,,,,,0,,,,,,,,,,,,,,,,,,,,,,,,,,,,,,,NaN,,NaN,,,,,,,,,,,,,,,,,,,,,,,,,,,,,,,,,,,,,,,,,,,,,,,,,,,,,,,,,,,,,feature_ablation,,,,,,,,,,,,,,,,,,,,,,,,,,,,,,,,,,,,,,H6-node30,paper-only,num_label_hops_0,1,False,,,,,,,,,
,,,,,,,,,,,,,,,0,,,,,,,,,,,,,,,,,,,,,,,,,,,,,,,NaN,,NaN,,,,,,,,,,,,,,,,,,,,,,,,,,,,,,,,,,,,,,,,,,,,,,,,,,,,,,,,,,,,,feature_ablation,,,,,,,,,,,,,,,,,,,,,,,,,,,,,,,,,,,,,,H6-node30,paper-pca64,default,1,False,,,,,,,,,
,,,,,,,,,,,,,,,0,,,,,,,,,,,,,,,,,,,,,,,,,,,,,,,NaN,,NaN,,,,,,,,,,,,,,,,,,,,,,,,,,,,,,,,,,,,,,,,,,,,,,,,,,,,,,,,,,,,,feature_ablation,,,,,,,,,,,,,,,,,,,,,,,,,,,,,,,,,,,,,,H6-node30,paper-pca64,feature_only_mlp_adapter,1,False,,,,,,,,,
,,,,,,,,,,,,,,,0,,,,,,,,,,,,,,,,,,,,,,,,,,,,,,,NaN,,NaN,,,,,,,,,,,,,,,,,,,,,,,,,,,,,,,,,,,,,,,,,,,,,,,,,,,,,,,,,,,,,feature_ablation,,,,,,,,,,,,,,,,,,,,,,,,,,,,,,,,,,,,,,H6-node30,paper-pca64,no_label_feats,1,False,,,,,,,,,
,,,,,,,,,,,,,,,0,,,,,,,,,,,,,,,,,,,,,,,,,,,,,,,NaN,,NaN,,,,,,,,,,,,,,,,,,,,,,,,,,,,,,,,,,,,,,,,,,,,,,,,,,,,,,,,,,,,,feature_ablation,,,,,,,,,,,,,,,,,,,,,,,,,,,,,,,,,,,,,,H6-node30,paper-pca64,num_feature_hops_0,1,False,,,,,,,,,
,,,,,,,,,,,,,,,0,,,,,,,,,,,,,,,,,,,,,,,,,,,,,,,NaN,,NaN,,,,,,,,,,,,,,,,,,,,,,,,,,,,,,,,,,,,,,,,,,,,,,,,,,,,,,,,,,,,,feature_ablation,,,,,,,,,,,,,,,,,,,,,,,,,,,,,,,,,,,,,,H6-node30,paper-pca64,num_label_hops_0,1,False,,,,,,,,,
,,,,,,,,,,,,,,,0,,,,,,,,,,,,,,,,,,,,,,,,,,,,,,,NaN,,NaN,,,,,,,,,,,,,,,,,,,,,,,,,,,,,,,,,,,,,,,,,,,,,,,,,,,,,,,,,,,,,feature_ablation,,,,,,,,,,,,,,,,,,,,,,,,,,,,,,,,,,,,,,H6-node30,raw,default,1,False,,,,,,,,,
,,,,,,,,,,,,,,,0,,,,,,,,,,,,,,,,,,,,,,,,,,,,,,,NaN,,NaN,,,,,,,,,,,,,,,,,,,,,,,,,,,,,,,,,,,,,,,,,,,,,,,,,,,,,,,,,,,,,feature_ablation,,,,,,,,,,,,,,,,,,,,,,,,,,,,,,,,,,,,,,H6-node30,raw,feature_only_mlp_adapter,1,False,,,,,,,,,
,,,,,,,,,,,,,,,0,,,,,,,,,,,,,,,,,,,,,,,,,,,,,,,NaN,,NaN,,,,,,,,,,,,,,,,,,,,,,,,,,,,,,,,,,,,,,,,,,,,,,,,,,,,,,,,,,,,,feature_ablation,,,,,,,,,,,,,,,,,,,,,,,,,,,,,,,,,,,,,,H6-node30,raw,no_label_feats,1,False,,,,,,,,,
,,,,,,,,,,,,,,,0,,,,,,,,,,,,,,,,,,,,,,,,,,,,,,,NaN,,NaN,,,,,,,,,,,,,,,,,,,,,,,,,,,,,,,,,,,,,,,,,,,,,,,,,,,,,,,,,,,,,feature_ablation,,,,,,,,,,,,,,,,,,,,,,,,,,,,,,,,,,,,,,H6-node30,raw,num_feature_hops_0,1,False,,,,,,,,,
,,,,,,,,,,,,,,,0,,,,,,,,,,,,,,,,,,,,,,,,,,,,,,,NaN,,NaN,,,,,,,,,,,,,,,,,,,,,,,,,,,,,,,,,,,,,,,,,,,,,,,,,,,,,,,,,,,,,feature_ablation,,,,,,,,,,,,,,,,,,,,,,,,,,,,,,,,,,,,,,H6-node30,raw,num_label_hops_0,1,False,,,,,,,,,
,,,,,,,,,,,,,,,0,,,,,,,,,,,,,,,,,,,,,,,,,,,,,,,NaN,,NaN,,,,,,,,,,,,,,,,,,,,,,,,,,,,,,,,,,,,,,,,,,,,,,,,,,,,,,,,,,,,,feature_ablation,,,,,,,,,,,,,,,,,,,,,,,,,,,,,,,,,,,,,,H6-node30,term-only,default,1,False,,,,,,,,,
,,,,,,,,,,,,,,,0,,,,,,,,,,,,,,,,,,,,,,,,,,,,,,,NaN,,NaN,,,,,,,,,,,,,,,,,,,,,,,,,,,,,,,,,,,,,,,,,,,,,,,,,,,,,,,,,,,,,feature_ablation,,,,,,,,,,,,,,,,,,,,,,,,,,,,,,,,,,,,,,H6-node30,term-only,feature_only_mlp_adapter,1,False,,,,,,,,,
,,,,,,,,,,,,,,,0,,,,,,,,,,,,,,,,,,,,,,,,,,,,,,,NaN,,NaN,,,,,,,,,,,,,,,,,,,,,,,,,,,,,,,,,,,,,,,,,,,,,,,,,,,,,,,,,,,,,feature_ablation,,,,,,,,,,,,,,,,,,,,,,,,,,,,,,,,,,,,,,H6-node30,term-only,no_label_feats,1,False,,,,,,,,,
,,,,,,,,,,,,,,,0,,,,,,,,,,,,,,,,,,,,,,,,,,,,,,,NaN,,NaN,,,,,,,,,,,,,,,,,,,,,,,,,,,,,,,,,,,,,,,,,,,,,,,,,,,,,,,,,,,,,feature_ablation,,,,,,,,,,,,,,,,,,,,,,,,,,,,,,,,,,,,,,H6-node30,term-only,num_feature_hops_0,1,False,,,,,,,,,
,,,,,,,,,,,,,,,0,,,,,,,,,,,,,,,,,,,,,,,,,,,,,,,NaN,,NaN,,,,,,,,,,,,,,,,,,,,,,,,,,,,,,,,,,,,,,,,,,,,,,,,,,,,,,,,,,,,,feature_ablation,,,,,,,,,,,,,,,,,,,,,,,,,,,,,,,,,,,,,,H6-node30,term-only,num_label_hops_0,1,False,,,,,,,,,
,,,,,,,,,,,,,,,0,,,,,,,,,,,,,,,,,,,,,,,,,,,,,,,NaN,,NaN,,,,,,,,,,,,,,,,,,,,,,,,,,,,,,,,,,,,,,,,,,,,,,,,,,,,,,,,,,,,,feature_ablation,,,,,,,,,,,,,,,,,,,,,,,,,,,,,,,,,,,,,,H6-node30,zero-all-support,default,1,False,,,,,,,,,
,,,,,,,,,,,,,,,0,,,,,,,,,,,,,,,,,,,,,,,,,,,,,,,NaN,,NaN,,,,,,,,,,,,,,,,,,,,,,,,,,,,,,,,,,,,,,,,,,,,,,,,,,,,,,,,,,,,,feature_ablation,,,,,,,,,,,,,,,,,,,,,,,,,,,,,,,,,,,,,,H6-node30,zero-all-support,feature_only_mlp_adapter,1,False,,,,,,,,,
,,,,,,,,,,,,,,,0,,,,,,,,,,,,,,,,,,,,,,,,,,,,,,,NaN,,NaN,,,,,,,,,,,,,,,,,,,,,,,,,,,,,,,,,,,,,,,,,,,,,,,,,,,,,,,,,,,,,feature_ablation,,,,,,,,,,,,,,,,,,,,,,,,,,,,,,,,,,,,,,H6-node30,zero-all-support,no_label_feats,1,False,,,,,,,,,
,,,,,,,,,,,,,,,0,,,,,,,,,,,,,,,,,,,,,,,,,,,,,,,NaN,,NaN,,,,,,,,,,,,,,,,,,,,,,,,,,,,,,,,,,,,,,,,,,,,,,,,,,,,,,,,,,,,,feature_ablation,,,,,,,,,,,,,,,,,,,,,,,,,,,,,,,,,,,,,,H6-node30,zero-all-support,num_feature_hops_0,1,False,,,,,,,,,
,,,,,,,,,,,,,,,0,,,,,,,,,,,,,,,,,,,,,,,,,,,,,,,NaN,,NaN,,,,,,,,,,,,,,,,,,,,,,,,,,,,,,,,,,,,,,,,,,,,,,,,,,,,,,,,,,,,,feature_ablation,,,,,,,,,,,,,,,,,,,,,,,,,,,,,,,,,,,,,,H6-node30,zero-all-support,num_label_hops_0,1,False,,,,,,,,,
,,,,,,,,,,,,,,,0,,,,,,,,,,,,,,,,,,,,,,,,,,,,,,,NaN,,NaN,,,,,,,,,,,,,,,,,,,,,,,,,,,,,,,,,,,,,,,,,,,,,,,,,,,,,,,,,,,,,feature_ablation,,,,,,,,,,,,,,,,,,,,,,,,,,,,,,,,,,,,,,H6-node30,zero-paper,default,1,False,,,,,,,,,
,,,,,,,,,,,,,,,0,,,,,,,,,,,,,,,,,,,,,,,,,,,,,,,NaN,,NaN,,,,,,,,,,,,,,,,,,,,,,,,,,,,,,,,,,,,,,,,,,,,,,,,,,,,,,,,,,,,,feature_ablation,,,,,,,,,,,,,,,,,,,,,,,,,,,,,,,,,,,,,,H6-node30,zero-paper,feature_only_mlp_adapter,1,False,,,,,,,,,
,,,,,,,,,,,,,,,0,,,,,,,,,,,,,,,,,,,,,,,,,,,,,,,NaN,,NaN,,,,,,,,,,,,,,,,,,,,,,,,,,,,,,,,,,,,,,,,,,,,,,,,,,,,,,,,,,,,,feature_ablation,,,,,,,,,,,,,,,,,,,,,,,,,,,,,,,,,,,,,,H6-node30,zero-paper,no_label_feats,1,False,,,,,,,,,
,,,,,,,,,,,,,,,0,,,,,,,,,,,,,,,,,,,,,,,,,,,,,,,NaN,,NaN,,,,,,,,,,,,,,,,,,,,,,,,,,,,,,,,,,,,,,,,,,,,,,,,,,,,,,,,,,,,,feature_ablation,,,,,,,,,,,,,,,,,,,,,,,,,,,,,,,,,,,,,,H6-node30,zero-paper,num_feature_hops_0,1,False,,,,,,,,,
,,,,,,,,,,,,,,,0,,,,,,,,,,,,,,,,,,,,,,,,,,,,,,,NaN,,NaN,,,,,,,,,,,,,,,,,,,,,,,,,,,,,,,,,,,,,,,,,,,,,,,,,,,,,,,,,,,,,feature_ablation,,,,,,,,,,,,,,,,,,,,,,,,,,,,,,,,,,,,,,H6-node30,zero-paper,num_label_hops_0,1,False,,,,,,,,,
,,,,,,,,,,,,,,,0,,,,,,,,,,,,,,,,,,,,,,,,,,,,,,,NaN,,NaN,,,,,,,,,,,,,,,,,,,,,,,,,,,,,,,,,,,,,,,,,,,,,,,,,,,,,,,,,,,,,feature_ablation,,,,,,,,,,,,,,,,,,,,,,,,,,,,,,,,,,,,,,H6-node30,zero-term,default,1,False,,,,,,,,,
,,,,,,,,,,,,,,,0,,,,,,,,,,,,,,,,,,,,,,,,,,,,,,,NaN,,NaN,,,,,,,,,,,,,,,,,,,,,,,,,,,,,,,,,,,,,,,,,,,,,,,,,,,,,,,,,,,,,feature_ablation,,,,,,,,,,,,,,,,,,,,,,,,,,,,,,,,,,,,,,H6-node30,zero-term,feature_only_mlp_adapter,1,False,,,,,,,,,
,,,,,,,,,,,,,,,0,,,,,,,,,,,,,,,,,,,,,,,,,,,,,,,NaN,,NaN,,,,,,,,,,,,,,,,,,,,,,,,,,,,,,,,,,,,,,,,,,,,,,,,,,,,,,,,,,,,,feature_ablation,,,,,,,,,,,,,,,,,,,,,,,,,,,,,,,,,,,,,,H6-node30,zero-term,no_label_feats,1,False,,,,,,,,,
,,,,,,,,,,,,,,,0,,,,,,,,,,,,,,,,,,,,,,,,,,,,,,,NaN,,NaN,,,,,,,,,,,,,,,,,,,,,,,,,,,,,,,,,,,,,,,,,,,,,,,,,,,,,,,,,,,,,feature_ablation,,,,,,,,,,,,,,,,,,,,,,,,,,,,,,,,,,,,,,H6-node30,zero-term,num_feature_hops_0,1,False,,,,,,,,,
,,,,,,,,,,,,,,,0,,,,,,,,,,,,,,,,,,,,,,,,,,,,,,,NaN,,NaN,,,,,,,,,,,,,,,,,,,,,,,,,,,,,,,,,,,,,,,,,,,,,,,,,,,,,,,,,,,,,feature_ablation,,,,,,,,,,,,,,,,,,,,,,,,,,,,,,,,,,,,,,H6-node30,zero-term,num_label_hops_0,1,False,,,,,,,,,
,,,,,,,,,,,,,,,0,,,,,,,,,,,,,,,,,,,,,,,,,,,,,,,NaN,,NaN,,,,,,,,,,,,,,,,,,,,,,,,,,,,,,,,,,,,,,,,,,,,,,,,,,,,,,,,,,,,,feature_ablation,,,,,,,,,,,,,,,,,,,,,,,,,,,,,,,,,,,,,,HeSF-RCS-APV12,paper-RP64,default,1,False,,,,,,,,,
,,,,,,,,,,,,,,,0,,,,,,,,,,,,,,,,,,,,,,,,,,,,,,,NaN,,NaN,,,,,,,,,,,,,,,,,,,,,,,,,,,,,,,,,,,,,,,,,,,,,,,,,,,,,,,,,,,,,feature_ablation,,,,,,,,,,,,,,,,,,,,,,,,,,,,,,,,,,,,,,HeSF-RCS-APV12,paper-RP64,feature_only_mlp_adapter,1,False,,,,,,,,,
,,,,,,,,,,,,,,,0,,,,,,,,,,,,,,,,,,,,,,,,,,,,,,,NaN,,NaN,,,,,,,,,,,,,,,,,,,,,,,,,,,,,,,,,,,,,,,,,,,,,,,,,,,,,,,,,,,,,feature_ablation,,,,,,,,,,,,,,,,,,,,,,,,,,,,,,,,,,,,,,HeSF-RCS-APV12,paper-RP64,no_label_feats,1,False,,,,,,,,,
,,,,,,,,,,,,,,,0,,,,,,,,,,,,,,,,,,,,,,,,,,,,,,,NaN,,NaN,,,,,,,,,,,,,,,,,,,,,,,,,,,,,,,,,,,,,,,,,,,,,,,,,,,,,,,,,,,,,feature_ablation,,,,,,,,,,,,,,,,,,,,,,,,,,,,,,,,,,,,,,HeSF-RCS-APV12,paper-RP64,num_feature_hops_0,1,False,,,,,,,,,
,,,,,,,,,,,,,,,0,,,,,,,,,,,,,,,,,,,,,,,,,,,,,,,NaN,,NaN,,,,,,,,,,,,,,,,,,,,,,,,,,,,,,,,,,,,,,,,,,,,,,,,,,,,,,,,,,,,,feature_ablation,,,,,,,,,,,,,,,,,,,,,,,,,,,,,,,,,,,,,,HeSF-RCS-APV12,paper-RP64,num_label_hops_0,1,False,,,,,,,,,
,,,,,,,,,,,,,,,0,,,,,,,,,,,,,,,,,,,,,,,,,,,,,,,NaN,,NaN,,,,,,,,,,,,,,,,,,,,,,,,,,,,,,,,,,,,,,,,,,,,,,,,,,,,,,,,,,,,,feature_ablation,,,,,,,,,,,,,,,,,,,,,,,,,,,,,,,,,,,,,,HeSF-RCS-APV12,paper-only,default,1,False,,,,,,,,,
,,,,,,,,,,,,,,,0,,,,,,,,,,,,,,,,,,,,,,,,,,,,,,,NaN,,NaN,,,,,,,,,,,,,,,,,,,,,,,,,,,,,,,,,,,,,,,,,,,,,,,,,,,,,,,,,,,,,feature_ablation,,,,,,,,,,,,,,,,,,,,,,,,,,,,,,,,,,,,,,HeSF-RCS-APV12,paper-only,feature_only_mlp_adapter,1,False,,,,,,,,,
,,,,,,,,,,,,,,,0,,,,,,,,,,,,,,,,,,,,,,,,,,,,,,,NaN,,NaN,,,,,,,,,,,,,,,,,,,,,,,,,,,,,,,,,,,,,,,,,,,,,,,,,,,,,,,,,,,,,feature_ablation,,,,,,,,,,,,,,,,,,,,,,,,,,,,,,,,,,,,,,HeSF-RCS-APV12,paper-only,no_label_feats,1,False,,,,,,,,,
,,,,,,,,,,,,,,,0,,,,,,,,,,,,,,,,,,,,,,,,,,,,,,,NaN,,NaN,,,,,,,,,,,,,,,,,,,,,,,,,,,,,,,,,,,,,,,,,,,,,,,,,,,,,,,,,,,,,feature_ablation,,,,,,,,,,,,,,,,,,,,,,,,,,,,,,,,,,,,,,HeSF-RCS-APV12,paper-only,num_feature_hops_0,1,False,,,,,,,,,
,,,,,,,,,,,,,,,0,,,,,,,,,,,,,,,,,,,,,,,,,,,,,,,NaN,,NaN,,,,,,,,,,,,,,,,,,,,,,,,,,,,,,,,,,,,,,,,,,,,,,,,,,,,,,,,,,,,,feature_ablation,,,,,,,,,,,,,,,,,,,,,,,,,,,,,,,,,,,,,,HeSF-RCS-APV12,paper-only,num_label_hops_0,1,False,,,,,,,,,
,,,,,,,,,,,,,,,0,,,,,,,,,,,,,,,,,,,,,,,,,,,,,,,NaN,,NaN,,,,,,,,,,,,,,,,,,,,,,,,,,,,,,,,,,,,,,,,,,,,,,,,,,,,,,,,,,,,,feature_ablation,,,,,,,,,,,,,,,,,,,,,,,,,,,,,,,,,,,,,,HeSF-RCS-APV12,paper-pca64,default,1,False,,,,,,,,,
,,,,,,,,,,,,,,,0,,,,,,,,,,,,,,,,,,,,,,,,,,,,,,,NaN,,NaN,,,,,,,,,,,,,,,,,,,,,,,,,,,,,,,,,,,,,,,,,,,,,,,,,,,,,,,,,,,,,feature_ablation,,,,,,,,,,,,,,,,,,,,,,,,,,,,,,,,,,,,,,HeSF-RCS-APV12,paper-pca64,feature_only_mlp_adapter,1,False,,,,,,,,,
,,,,,,,,,,,,,,,0,,,,,,,,,,,,,,,,,,,,,,,,,,,,,,,NaN,,NaN,,,,,,,,,,,,,,,,,,,,,,,,,,,,,,,,,,,,,,,,,,,,,,,,,,,,,,,,,,,,,feature_ablation,,,,,,,,,,,,,,,,,,,,,,,,,,,,,,,,,,,,,,HeSF-RCS-APV12,paper-pca64,no_label_feats,1,False,,,,,,,,,
,,,,,,,,,,,,,,,0,,,,,,,,,,,,,,,,,,,,,,,,,,,,,,,NaN,,NaN,,,,,,,,,,,,,,,,,,,,,,,,,,,,,,,,,,,,,,,,,,,,,,,,,,,,,,,,,,,,,feature_ablation,,,,,,,,,,,,,,,,,,,,,,,,,,,,,,,,,,,,,,HeSF-RCS-APV12,paper-pca64,num_feature_hops_0,1,False,,,,,,,,,
,,,,,,,,,,,,,,,0,,,,,,,,,,,,,,,,,,,,,,,,,,,,,,,NaN,,NaN,,,,,,,,,,,,,,,,,,,,,,,,,,,,,,,,,,,,,,,,,,,,,,,,,,,,,,,,,,,,,feature_ablation,,,,,,,,,,,,,,,,,,,,,,,,,,,,,,,,,,,,,,HeSF-RCS-APV12,paper-pca64,num_label_hops_0,1,False,,,,,,,,,
,,,,,,,,,,,,,,,0,,,,,,,,,,,,,,,,,,,,,,,,,,,,,,,NaN,,NaN,,,,,,,,,,,,,,,,,,,,,,,,,,,,,,,,,,,,,,,,,,,,,,,,,,,,,,,,,,,,,feature_ablation,,,,,,,,,,,,,,,,,,,,,,,,,,,,,,,,,,,,,,HeSF-RCS-APV12,raw,default,1,False,,,,,,,,,
,,,,,,,,,,,,,,,0,,,,,,,,,,,,,,,,,,,,,,,,,,,,,,,NaN,,NaN,,,,,,,,,,,,,,,,,,,,,,,,,,,,,,,,,,,,,,,,,,,,,,,,,,,,,,,,,,,,,feature_ablation,,,,,,,,,,,,,,,,,,,,,,,,,,,,,,,,,,,,,,HeSF-RCS-APV12,raw,feature_only_mlp_adapter,1,False,,,,,,,,,
,,,,,,,,,,,,,,,0,,,,,,,,,,,,,,,,,,,,,,,,,,,,,,,NaN,,NaN,,,,,,,,,,,,,,,,,,,,,,,,,,,,,,,,,,,,,,,,,,,,,,,,,,,,,,,,,,,,,feature_ablation,,,,,,,,,,,,,,,,,,,,,,,,,,,,,,,,,,,,,,HeSF-RCS-APV12,raw,no_label_feats,1,False,,,,,,,,,
,,,,,,,,,,,,,,,0,,,,,,,,,,,,,,,,,,,,,,,,,,,,,,,NaN,,NaN,,,,,,,,,,,,,,,,,,,,,,,,,,,,,,,,,,,,,,,,,,,,,,,,,,,,,,,,,,,,,feature_ablation,,,,,,,,,,,,,,,,,,,,,,,,,,,,,,,,,,,,,,HeSF-RCS-APV12,raw,num_feature_hops_0,1,False,,,,,,,,,
,,,,,,,,,,,,,,,0,,,,,,,,,,,,,,,,,,,,,,,,,,,,,,,NaN,,NaN,,,,,,,,,,,,,,,,,,,,,,,,,,,,,,,,,,,,,,,,,,,,,,,,,,,,,,,,,,,,,feature_ablation,,,,,,,,,,,,,,,,,,,,,,,,,,,,,,,,,,,,,,HeSF-RCS-APV12,raw,num_label_hops_0,1,False,,,,,,,,,
,,,,,,,,,,,,,,,0,,,,,,,,,,,,,,,,,,,,,,,,,,,,,,,NaN,,NaN,,,,,,,,,,,,,,,,,,,,,,,,,,,,,,,,,,,,,,,,,,,,,,,,,,,,,,,,,,,,,feature_ablation,,,,,,,,,,,,,,,,,,,,,,,,,,,,,,,,,,,,,,HeSF-RCS-APV12,term-only,default,1,False,,,,,,,,,
,,,,,,,,,,,,,,,0,,,,,,,,,,,,,,,,,,,,,,,,,,,,,,,NaN,,NaN,,,,,,,,,,,,,,,,,,,,,,,,,,,,,,,,,,,,,,,,,,,,,,,,,,,,,,,,,,,,,feature_ablation,,,,,,,,,,,,,,,,,,,,,,,,,,,,,,,,,,,,,,HeSF-RCS-APV12,term-only,feature_only_mlp_adapter,1,False,,,,,,,,,
,,,,,,,,,,,,,,,0,,,,,,,,,,,,,,,,,,,,,,,,,,,,,,,NaN,,NaN,,,,,,,,,,,,,,,,,,,,,,,,,,,,,,,,,,,,,,,,,,,,,,,,,,,,,,,,,,,,,feature_ablation,,,,,,,,,,,,,,,,,,,,,,,,,,,,,,,,,,,,,,HeSF-RCS-APV12,term-only,no_label_feats,1,False,,,,,,,,,
,,,,,,,,,,,,,,,0,,,,,,,,,,,,,,,,,,,,,,,,,,,,,,,NaN,,NaN,,,,,,,,,,,,,,,,,,,,,,,,,,,,,,,,,,,,,,,,,,,,,,,,,,,,,,,,,,,,,feature_ablation,,,,,,,,,,,,,,,,,,,,,,,,,,,,,,,,,,,,,,HeSF-RCS-APV12,term-only,num_feature_hops_0,1,False,,,,,,,,,
,,,,,,,,,,,,,,,0,,,,,,,,,,,,,,,,,,,,,,,,,,,,,,,NaN,,NaN,,,,,,,,,,,,,,,,,,,,,,,,,,,,,,,,,,,,,,,,,,,,,,,,,,,,,,,,,,,,,feature_ablation,,,,,,,,,,,,,,,,,,,,,,,,,,,,,,,,,,,,,,HeSF-RCS-APV12,term-only,num_label_hops_0,1,False,,,,,,,,,
,,,,,,,,,,,,,,,0,,,,,,,,,,,,,,,,,,,,,,,,,,,,,,,NaN,,NaN,,,,,,,,,,,,,,,,,,,,,,,,,,,,,,,,,,,,,,,,,,,,,,,,,,,,,,,,,,,,,feature_ablation,,,,,,,,,,,,,,,,,,,,,,,,,,,,,,,,,,,,,,HeSF-RCS-APV12,zero-all-support,default,1,False,,,,,,,,,
,,,,,,,,,,,,,,,0,,,,,,,,,,,,,,,,,,,,,,,,,,,,,,,NaN,,NaN,,,,,,,,,,,,,,,,,,,,,,,,,,,,,,,,,,,,,,,,,,,,,,,,,,,,,,,,,,,,,feature_ablation,,,,,,,,,,,,,,,,,,,,,,,,,,,,,,,,,,,,,,HeSF-RCS-APV12,zero-all-support,feature_only_mlp_adapter,1,False,,,,,,,,,
,,,,,,,,,,,,,,,0,,,,,,,,,,,,,,,,,,,,,,,,,,,,,,,NaN,,NaN,,,,,,,,,,,,,,,,,,,,,,,,,,,,,,,,,,,,,,,,,,,,,,,,,,,,,,,,,,,,,feature_ablation,,,,,,,,,,,,,,,,,,,,,,,,,,,,,,,,,,,,,,HeSF-RCS-APV12,zero-all-support,no_label_feats,1,False,,,,,,,,,
,,,,,,,,,,,,,,,0,,,,,,,,,,,,,,,,,,,,,,,,,,,,,,,NaN,,NaN,,,,,,,,,,,,,,,,,,,,,,,,,,,,,,,,,,,,,,,,,,,,,,,,,,,,,,,,,,,,,feature_ablation,,,,,,,,,,,,,,,,,,,,,,,,,,,,,,,,,,,,,,HeSF-RCS-APV12,zero-all-support,num_feature_hops_0,1,False,,,,,,,,,
,,,,,,,,,,,,,,,0,,,,,,,,,,,,,,,,,,,,,,,,,,,,,,,NaN,,NaN,,,,,,,,,,,,,,,,,,,,,,,,,,,,,,,,,,,,,,,,,,,,,,,,,,,,,,,,,,,,,feature_ablation,,,,,,,,,,,,,,,,,,,,,,,,,,,,,,,,,,,,,,HeSF-RCS-APV12,zero-all-support,num_label_hops_0,1,False,,,,,,,,,
,,,,,,,,,,,,,,,0,,,,,,,,,,,,,,,,,,,,,,,,,,,,,,,NaN,,NaN,,,,,,,,,,,,,,,,,,,,,,,,,,,,,,,,,,,,,,,,,,,,,,,,,,,,,,,,,,,,,feature_ablation,,,,,,,,,,,,,,,,,,,,,,,,,,,,,,,,,,,,,,HeSF-RCS-APV12,zero-paper,default,1,False,,,,,,,,,
,,,,,,,,,,,,,,,0,,,,,,,,,,,,,,,,,,,,,,,,,,,,,,,NaN,,NaN,,,,,,,,,,,,,,,,,,,,,,,,,,,,,,,,,,,,,,,,,,,,,,,,,,,,,,,,,,,,,feature_ablation,,,,,,,,,,,,,,,,,,,,,,,,,,,,,,,,,,,,,,HeSF-RCS-APV12,zero-paper,feature_only_mlp_adapter,1,False,,,,,,,,,
,,,,,,,,,,,,,,,0,,,,,,,,,,,,,,,,,,,,,,,,,,,,,,,NaN,,NaN,,,,,,,,,,,,,,,,,,,,,,,,,,,,,,,,,,,,,,,,,,,,,,,,,,,,,,,,,,,,,feature_ablation,,,,,,,,,,,,,,,,,,,,,,,,,,,,,,,,,,,,,,HeSF-RCS-APV12,zero-paper,no_label_feats,1,False,,,,,,,,,
,,,,,,,,,,,,,,,0,,,,,,,,,,,,,,,,,,,,,,,,,,,,,,,NaN,,NaN,,,,,,,,,,,,,,,,,,,,,,,,,,,,,,,,,,,,,,,,,,,,,,,,,,,,,,,,,,,,,feature_ablation,,,,,,,,,,,,,,,,,,,,,,,,,,,,,,,,,,,,,,HeSF-RCS-APV12,zero-paper,num_feature_hops_0,1,False,,,,,,,,,
,,,,,,,,,,,,,,,0,,,,,,,,,,,,,,,,,,,,,,,,,,,,,,,NaN,,NaN,,,,,,,,,,,,,,,,,,,,,,,,,,,,,,,,,,,,,,,,,,,,,,,,,,,,,,,,,,,,,feature_ablation,,,,,,,,,,,,,,,,,,,,,,,,,,,,,,,,,,,,,,HeSF-RCS-APV12,zero-paper,num_label_hops_0,1,False,,,,,,,,,
,,,,,,,,,,,,,,,0,,,,,,,,,,,,,,,,,,,,,,,,,,,,,,,NaN,,NaN,,,,,,,,,,,,,,,,,,,,,,,,,,,,,,,,,,,,,,,,,,,,,,,,,,,,,,,,,,,,,feature_ablation,,,,,,,,,,,,,,,,,,,,,,,,,,,,,,,,,,,,,,HeSF-RCS-APV12,zero-term,default,1,False,,,,,,,,,
,,,,,,,,,,,,,,,0,,,,,,,,,,,,,,,,,,,,,,,,,,,,,,,NaN,,NaN,,,,,,,,,,,,,,,,,,,,,,,,,,,,,,,,,,,,,,,,,,,,,,,,,,,,,,,,,,,,,feature_ablation,,,,,,,,,,,,,,,,,,,,,,,,,,,,,,,,,,,,,,HeSF-RCS-APV12,zero-term,feature_only_mlp_adapter,1,False,,,,,,,,,
,,,,,,,,,,,,,,,0,,,,,,,,,,,,,,,,,,,,,,,,,,,,,,,NaN,,NaN,,,,,,,,,,,,,,,,,,,,,,,,,,,,,,,,,,,,,,,,,,,,,,,,,,,,,,,,,,,,,feature_ablation,,,,,,,,,,,,,,,,,,,,,,,,,,,,,,,,,,,,,,HeSF-RCS-APV12,zero-term,no_label_feats,1,False,,,,,,,,,
,,,,,,,,,,,,,,,0,,,,,,,,,,,,,,,,,,,,,,,,,,,,,,,NaN,,NaN,,,,,,,,,,,,,,,,,,,,,,,,,,,,,,,,,,,,,,,,,,,,,,,,,,,,,,,,,,,,,feature_ablation,,,,,,,,,,,,,,,,,,,,,,,,,,,,,,,,,,,,,,HeSF-RCS-APV12,zero-term,num_feature_hops_0,1,False,,,,,,,,,
,,,,,,,,,,,,,,,0,,,,,,,,,,,,,,,,,,,,,,,,,,,,,,,NaN,,NaN,,,,,,,,,,,,,,,,,,,,,,,,,,,,,,,,,,,,,,,,,,,,,,,,,,,,,,,,,,,,,feature_ablation,,,,,,,,,,,,,,,,,,,,,,,,,,,,,,,,,,,,,,HeSF-RCS-APV12,zero-term,num_label_hops_0,1,False,,,,,,,,,
,,,,,,,,,,,,,,,0,,,,,,,,,,,,,,,,,,,,,,,,,,,,,,,NaN,,NaN,,,,,,,,,,,,,,,,,,,,,,,,,,,,,,,,,,,,,,,,,,,,,,,,,,,,,,,,,,,,,feature_ablation,,,,,,,,,,,,,,,,,,,,,,,,,,,,,,,,,,,,,,HeSF-RCS-APV16,paper-RP64,default,1,False,,,,,,,,,
,,,,,,,,,,,,,,,0,,,,,,,,,,,,,,,,,,,,,,,,,,,,,,,NaN,,NaN,,,,,,,,,,,,,,,,,,,,,,,,,,,,,,,,,,,,,,,,,,,,,,,,,,,,,,,,,,,,,feature_ablation,,,,,,,,,,,,,,,,,,,,,,,,,,,,,,,,,,,,,,HeSF-RCS-APV16,paper-RP64,feature_only_mlp_adapter,1,False,,,,,,,,,
,,,,,,,,,,,,,,,0,,,,,,,,,,,,,,,,,,,,,,,,,,,,,,,NaN,,NaN,,,,,,,,,,,,,,,,,,,,,,,,,,,,,,,,,,,,,,,,,,,,,,,,,,,,,,,,,,,,,feature_ablation,,,,,,,,,,,,,,,,,,,,,,,,,,,,,,,,,,,,,,HeSF-RCS-APV16,paper-RP64,no_label_feats,1,False,,,,,,,,,
,,,,,,,,,,,,,,,0,,,,,,,,,,,,,,,,,,,,,,,,,,,,,,,NaN,,NaN,,,,,,,,,,,,,,,,,,,,,,,,,,,,,,,,,,,,,,,,,,,,,,,,,,,,,,,,,,,,,feature_ablation,,,,,,,,,,,,,,,,,,,,,,,,,,,,,,,,,,,,,,HeSF-RCS-APV16,paper-RP64,num_feature_hops_0,1,False,,,,,,,,,
,,,,,,,,,,,,,,,0,,,,,,,,,,,,,,,,,,,,,,,,,,,,,,,NaN,,NaN,,,,,,,,,,,,,,,,,,,,,,,,,,,,,,,,,,,,,,,,,,,,,,,,,,,,,,,,,,,,,feature_ablation,,,,,,,,,,,,,,,,,,,,,,,,,,,,,,,,,,,,,,HeSF-RCS-APV16,paper-RP64,num_label_hops_0,1,False,,,,,,,,,
,,,,,,,,,,,,,,,0,,,,,,,,,,,,,,,,,,,,,,,,,,,,,,,NaN,,NaN,,,,,,,,,,,,,,,,,,,,,,,,,,,,,,,,,,,,,,,,,,,,,,,,,,,,,,,,,,,,,feature_ablation,,,,,,,,,,,,,,,,,,,,,,,,,,,,,,,,,,,,,,HeSF-RCS-APV16,paper-only,default,1,False,,,,,,,,,
,,,,,,,,,,,,,,,0,,,,,,,,,,,,,,,,,,,,,,,,,,,,,,,NaN,,NaN,,,,,,,,,,,,,,,,,,,,,,,,,,,,,,,,,,,,,,,,,,,,,,,,,,,,,,,,,,,,,feature_ablation,,,,,,,,,,,,,,,,,,,,,,,,,,,,,,,,,,,,,,HeSF-RCS-APV16,paper-only,feature_only_mlp_adapter,1,False,,,,,,,,,
,,,,,,,,,,,,,,,0,,,,,,,,,,,,,,,,,,,,,,,,,,,,,,,NaN,,NaN,,,,,,,,,,,,,,,,,,,,,,,,,,,,,,,,,,,,,,,,,,,,,,,,,,,,,,,,,,,,,feature_ablation,,,,,,,,,,,,,,,,,,,,,,,,,,,,,,,,,,,,,,HeSF-RCS-APV16,paper-only,no_label_feats,1,False,,,,,,,,,
,,,,,,,,,,,,,,,0,,,,,,,,,,,,,,,,,,,,,,,,,,,,,,,NaN,,NaN,,,,,,,,,,,,,,,,,,,,,,,,,,,,,,,,,,,,,,,,,,,,,,,,,,,,,,,,,,,,,feature_ablation,,,,,,,,,,,,,,,,,,,,,,,,,,,,,,,,,,,,,,HeSF-RCS-APV16,paper-only,num_feature_hops_0,1,False,,,,,,,,,
,,,,,,,,,,,,,,,0,,,,,,,,,,,,,,,,,,,,,,,,,,,,,,,NaN,,NaN,,,,,,,,,,,,,,,,,,,,,,,,,,,,,,,,,,,,,,,,,,,,,,,,,,,,,,,,,,,,,feature_ablation,,,,,,,,,,,,,,,,,,,,,,,,,,,,,,,,,,,,,,HeSF-RCS-APV16,paper-only,num_label_hops_0,1,False,,,,,,,,,
,,,,,,,,,,,,,,,0,,,,,,,,,,,,,,,,,,,,,,,,,,,,,,,NaN,,NaN,,,,,,,,,,,,,,,,,,,,,,,,,,,,,,,,,,,,,,,,,,,,,,,,,,,,,,,,,,,,,feature_ablation,,,,,,,,,,,,,,,,,,,,,,,,,,,,,,,,,,,,,,HeSF-RCS-APV16,paper-pca64,default,1,False,,,,,,,,,
,,,,,,,,,,,,,,,0,,,,,,,,,,,,,,,,,,,,,,,,,,,,,,,NaN,,NaN,,,,,,,,,,,,,,,,,,,,,,,,,,,,,,,,,,,,,,,,,,,,,,,,,,,,,,,,,,,,,feature_ablation,,,,,,,,,,,,,,,,,,,,,,,,,,,,,,,,,,,,,,HeSF-RCS-APV16,paper-pca64,feature_only_mlp_adapter,1,False,,,,,,,,,
,,,,,,,,,,,,,,,0,,,,,,,,,,,,,,,,,,,,,,,,,,,,,,,NaN,,NaN,,,,,,,,,,,,,,,,,,,,,,,,,,,,,,,,,,,,,,,,,,,,,,,,,,,,,,,,,,,,,feature_ablation,,,,,,,,,,,,,,,,,,,,,,,,,,,,,,,,,,,,,,HeSF-RCS-APV16,paper-pca64,no_label_feats,1,False,,,,,,,,,
,,,,,,,,,,,,,,,0,,,,,,,,,,,,,,,,,,,,,,,,,,,,,,,NaN,,NaN,,,,,,,,,,,,,,,,,,,,,,,,,,,,,,,,,,,,,,,,,,,,,,,,,,,,,,,,,,,,,feature_ablation,,,,,,,,,,,,,,,,,,,,,,,,,,,,,,,,,,,,,,HeSF-RCS-APV16,paper-pca64,num_feature_hops_0,1,False,,,,,,,,,
,,,,,,,,,,,,,,,0,,,,,,,,,,,,,,,,,,,,,,,,,,,,,,,NaN,,NaN,,,,,,,,,,,,,,,,,,,,,,,,,,,,,,,,,,,,,,,,,,,,,,,,,,,,,,,,,,,,,feature_ablation,,,,,,,,,,,,,,,,,,,,,,,,,,,,,,,,,,,,,,HeSF-RCS-APV16,paper-pca64,num_label_hops_0,1,False,,,,,,,,,
,,,,,,,,,,,,,,,0,,,,,,,,,,,,,,,,,,,,,,,,,,,,,,,NaN,,NaN,,,,,,,,,,,,,,,,,,,,,,,,,,,,,,,,,,,,,,,,,,,,,,,,,,,,,,,,,,,,,feature_ablation,,,,,,,,,,,,,,,,,,,,,,,,,,,,,,,,,,,,,,HeSF-RCS-APV16,raw,default,1,False,,,,,,,,,
,,,,,,,,,,,,,,,0,,,,,,,,,,,,,,,,,,,,,,,,,,,,,,,NaN,,NaN,,,,,,,,,,,,,,,,,,,,,,,,,,,,,,,,,,,,,,,,,,,,,,,,,,,,,,,,,,,,,feature_ablation,,,,,,,,,,,,,,,,,,,,,,,,,,,,,,,,,,,,,,HeSF-RCS-APV16,raw,feature_only_mlp_adapter,1,False,,,,,,,,,
,,,,,,,,,,,,,,,0,,,,,,,,,,,,,,,,,,,,,,,,,,,,,,,NaN,,NaN,,,,,,,,,,,,,,,,,,,,,,,,,,,,,,,,,,,,,,,,,,,,,,,,,,,,,,,,,,,,,feature_ablation,,,,,,,,,,,,,,,,,,,,,,,,,,,,,,,,,,,,,,HeSF-RCS-APV16,raw,no_label_feats,1,False,,,,,,,,,
,,,,,,,,,,,,,,,0,,,,,,,,,,,,,,,,,,,,,,,,,,,,,,,NaN,,NaN,,,,,,,,,,,,,,,,,,,,,,,,,,,,,,,,,,,,,,,,,,,,,,,,,,,,,,,,,,,,,feature_ablation,,,,,,,,,,,,,,,,,,,,,,,,,,,,,,,,,,,,,,HeSF-RCS-APV16,raw,num_feature_hops_0,1,False,,,,,,,,,
,,,,,,,,,,,,,,,0,,,,,,,,,,,,,,,,,,,,,,,,,,,,,,,NaN,,NaN,,,,,,,,,,,,,,,,,,,,,,,,,,,,,,,,,,,,,,,,,,,,,,,,,,,,,,,,,,,,,feature_ablation,,,,,,,,,,,,,,,,,,,,,,,,,,,,,,,,,,,,,,HeSF-RCS-APV16,raw,num_label_hops_0,1,False,,,,,,,,,
,,,,,,,,,,,,,,,0,,,,,,,,,,,,,,,,,,,,,,,,,,,,,,,NaN,,NaN,,,,,,,,,,,,,,,,,,,,,,,,,,,,,,,,,,,,,,,,,,,,,,,,,,,,,,,,,,,,,feature_ablation,,,,,,,,,,,,,,,,,,,,,,,,,,,,,,,,,,,,,,HeSF-RCS-APV16,term-only,default,1,False,,,,,,,,,
,,,,,,,,,,,,,,,0,,,,,,,,,,,,,,,,,,,,,,,,,,,,,,,NaN,,NaN,,,,,,,,,,,,,,,,,,,,,,,,,,,,,,,,,,,,,,,,,,,,,,,,,,,,,,,,,,,,,feature_ablation,,,,,,,,,,,,,,,,,,,,,,,,,,,,,,,,,,,,,,HeSF-RCS-APV16,term-only,feature_only_mlp_adapter,1,False,,,,,,,,,
,,,,,,,,,,,,,,,0,,,,,,,,,,,,,,,,,,,,,,,,,,,,,,,NaN,,NaN,,,,,,,,,,,,,,,,,,,,,,,,,,,,,,,,,,,,,,,,,,,,,,,,,,,,,,,,,,,,,feature_ablation,,,,,,,,,,,,,,,,,,,,,,,,,,,,,,,,,,,,,,HeSF-RCS-APV16,term-only,no_label_feats,1,False,,,,,,,,,
,,,,,,,,,,,,,,,0,,,,,,,,,,,,,,,,,,,,,,,,,,,,,,,NaN,,NaN,,,,,,,,,,,,,,,,,,,,,,,,,,,,,,,,,,,,,,,,,,,,,,,,,,,,,,,,,,,,,feature_ablation,,,,,,,,,,,,,,,,,,,,,,,,,,,,,,,,,,,,,,HeSF-RCS-APV16,term-only,num_feature_hops_0,1,False,,,,,,,,,
,,,,,,,,,,,,,,,0,,,,,,,,,,,,,,,,,,,,,,,,,,,,,,,NaN,,NaN,,,,,,,,,,,,,,,,,,,,,,,,,,,,,,,,,,,,,,,,,,,,,,,,,,,,,,,,,,,,,feature_ablation,,,,,,,,,,,,,,,,,,,,,,,,,,,,,,,,,,,,,,HeSF-RCS-APV16,term-only,num_label_hops_0,1,False,,,,,,,,,
,,,,,,,,,,,,,,,0,,,,,,,,,,,,,,,,,,,,,,,,,,,,,,,NaN,,NaN,,,,,,,,,,,,,,,,,,,,,,,,,,,,,,,,,,,,,,,,,,,,,,,,,,,,,,,,,,,,,feature_ablation,,,,,,,,,,,,,,,,,,,,,,,,,,,,,,,,,,,,,,HeSF-RCS-APV16,zero-all-support,default,1,False,,,,,,,,,
,,,,,,,,,,,,,,,0,,,,,,,,,,,,,,,,,,,,,,,,,,,,,,,NaN,,NaN,,,,,,,,,,,,,,,,,,,,,,,,,,,,,,,,,,,,,,,,,,,,,,,,,,,,,,,,,,,,,feature_ablation,,,,,,,,,,,,,,,,,,,,,,,,,,,,,,,,,,,,,,HeSF-RCS-APV16,zero-all-support,feature_only_mlp_adapter,1,False,,,,,,,,,
,,,,,,,,,,,,,,,0,,,,,,,,,,,,,,,,,,,,,,,,,,,,,,,NaN,,NaN,,,,,,,,,,,,,,,,,,,,,,,,,,,,,,,,,,,,,,,,,,,,,,,,,,,,,,,,,,,,,feature_ablation,,,,,,,,,,,,,,,,,,,,,,,,,,,,,,,,,,,,,,HeSF-RCS-APV16,zero-all-support,no_label_feats,1,False,,,,,,,,,
,,,,,,,,,,,,,,,0,,,,,,,,,,,,,,,,,,,,,,,,,,,,,,,NaN,,NaN,,,,,,,,,,,,,,,,,,,,,,,,,,,,,,,,,,,,,,,,,,,,,,,,,,,,,,,,,,,,,feature_ablation,,,,,,,,,,,,,,,,,,,,,,,,,,,,,,,,,,,,,,HeSF-RCS-APV16,zero-all-support,num_feature_hops_0,1,False,,,,,,,,,
,,,,,,,,,,,,,,,0,,,,,,,,,,,,,,,,,,,,,,,,,,,,,,,NaN,,NaN,,,,,,,,,,,,,,,,,,,,,,,,,,,,,,,,,,,,,,,,,,,,,,,,,,,,,,,,,,,,,feature_ablation,,,,,,,,,,,,,,,,,,,,,,,,,,,,,,,,,,,,,,HeSF-RCS-APV16,zero-all-support,num_label_hops_0,1,False,,,,,,,,,
,,,,,,,,,,,,,,,0,,,,,,,,,,,,,,,,,,,,,,,,,,,,,,,NaN,,NaN,,,,,,,,,,,,,,,,,,,,,,,,,,,,,,,,,,,,,,,,,,,,,,,,,,,,,,,,,,,,,feature_ablation,,,,,,,,,,,,,,,,,,,,,,,,,,,,,,,,,,,,,,HeSF-RCS-APV16,zero-paper,default,1,False,,,,,,,,,
,,,,,,,,,,,,,,,0,,,,,,,,,,,,,,,,,,,,,,,,,,,,,,,NaN,,NaN,,,,,,,,,,,,,,,,,,,,,,,,,,,,,,,,,,,,,,,,,,,,,,,,,,,,,,,,,,,,,feature_ablation,,,,,,,,,,,,,,,,,,,,,,,,,,,,,,,,,,,,,,HeSF-RCS-APV16,zero-paper,feature_only_mlp_adapter,1,False,,,,,,,,,
,,,,,,,,,,,,,,,0,,,,,,,,,,,,,,,,,,,,,,,,,,,,,,,NaN,,NaN,,,,,,,,,,,,,,,,,,,,,,,,,,,,,,,,,,,,,,,,,,,,,,,,,,,,,,,,,,,,,feature_ablation,,,,,,,,,,,,,,,,,,,,,,,,,,,,,,,,,,,,,,HeSF-RCS-APV16,zero-paper,no_label_feats,1,False,,,,,,,,,
,,,,,,,,,,,,,,,0,,,,,,,,,,,,,,,,,,,,,,,,,,,,,,,NaN,,NaN,,,,,,,,,,,,,,,,,,,,,,,,,,,,,,,,,,,,,,,,,,,,,,,,,,,,,,,,,,,,,feature_ablation,,,,,,,,,,,,,,,,,,,,,,,,,,,,,,,,,,,,,,HeSF-RCS-APV16,zero-paper,num_feature_hops_0,1,False,,,,,,,,,
,,,,,,,,,,,,,,,0,,,,,,,,,,,,,,,,,,,,,,,,,,,,,,,NaN,,NaN,,,,,,,,,,,,,,,,,,,,,,,,,,,,,,,,,,,,,,,,,,,,,,,,,,,,,,,,,,,,,feature_ablation,,,,,,,,,,,,,,,,,,,,,,,,,,,,,,,,,,,,,,HeSF-RCS-APV16,zero-paper,num_label_hops_0,1,False,,,,,,,,,
,,,,,,,,,,,,,,,0,,,,,,,,,,,,,,,,,,,,,,,,,,,,,,,NaN,,NaN,,,,,,,,,,,,,,,,,,,,,,,,,,,,,,,,,,,,,,,,,,,,,,,,,,,,,,,,,,,,,feature_ablation,,,,,,,,,,,,,,,,,,,,,,,,,,,,,,,,,,,,,,HeSF-RCS-APV16,zero-term,default,1,False,,,,,,,,,
,,,,,,,,,,,,,,,0,,,,,,,,,,,,,,,,,,,,,,,,,,,,,,,NaN,,NaN,,,,,,,,,,,,,,,,,,,,,,,,,,,,,,,,,,,,,,,,,,,,,,,,,,,,,,,,,,,,,feature_ablation,,,,,,,,,,,,,,,,,,,,,,,,,,,,,,,,,,,,,,HeSF-RCS-APV16,zero-term,feature_only_mlp_adapter,1,False,,,,,,,,,
,,,,,,,,,,,,,,,0,,,,,,,,,,,,,,,,,,,,,,,,,,,,,,,NaN,,NaN,,,,,,,,,,,,,,,,,,,,,,,,,,,,,,,,,,,,,,,,,,,,,,,,,,,,,,,,,,,,,feature_ablation,,,,,,,,,,,,,,,,,,,,,,,,,,,,,,,,,,,,,,HeSF-RCS-APV16,zero-term,no_label_feats,1,False,,,,,,,,,
,,,,,,,,,,,,,,,0,,,,,,,,,,,,,,,,,,,,,,,,,,,,,,,NaN,,NaN,,,,,,,,,,,,,,,,,,,,,,,,,,,,,,,,,,,,,,,,,,,,,,,,,,,,,,,,,,,,,feature_ablation,,,,,,,,,,,,,,,,,,,,,,,,,,,,,,,,,,,,,,HeSF-RCS-APV16,zero-term,num_feature_hops_0,1,False,,,,,,,,,
,,,,,,,,,,,,,,,0,,,,,,,,,,,,,,,,,,,,,,,,,,,,,,,NaN,,NaN,,,,,,,,,,,,,,,,,,,,,,,,,,,,,,,,,,,,,,,,,,,,,,,,,,,,,,,,,,,,,feature_ablation,,,,,,,,,,,,,,,,,,,,,,,,,,,,,,,,,,,,,,HeSF-RCS-APV16,zero-term,num_label_hops_0,1,False,,,,,,,,,
,,,,,,,,,,,,,,,0,,,,,,,,,,,,,,,,,,,,,,,,,,,,,,,NaN,,NaN,,,,,,,,,,,,,,,,,,,,,,,,,,,,,,,,,,,,,,,,,,,,,,,,,,,,,,,,,,,,,feature_ablation,,,,,,,,,,,,,,,,,,,,,,,,,,,,,,,,,,,,,,full/export-full,paper-RP64,default,1,False,,,,,,,,,
,,,,,,,,,,,,,,,0,,,,,,,,,,,,,,,,,,,,,,,,,,,,,,,NaN,,NaN,,,,,,,,,,,,,,,,,,,,,,,,,,,,,,,,,,,,,,,,,,,,,,,,,,,,,,,,,,,,,feature_ablation,,,,,,,,,,,,,,,,,,,,,,,,,,,,,,,,,,,,,,full/export-full,paper-RP64,feature_only_mlp_adapter,1,False,,,,,,,,,
,,,,,,,,,,,,,,,0,,,,,,,,,,,,,,,,,,,,,,,,,,,,,,,NaN,,NaN,,,,,,,,,,,,,,,,,,,,,,,,,,,,,,,,,,,,,,,,,,,,,,,,,,,,,,,,,,,,,feature_ablation,,,,,,,,,,,,,,,,,,,,,,,,,,,,,,,,,,,,,,full/export-full,paper-RP64,no_label_feats,1,False,,,,,,,,,
,,,,,,,,,,,,,,,0,,,,,,,,,,,,,,,,,,,,,,,,,,,,,,,NaN,,NaN,,,,,,,,,,,,,,,,,,,,,,,,,,,,,,,,,,,,,,,,,,,,,,,,,,,,,,,,,,,,,feature_ablation,,,,,,,,,,,,,,,,,,,,,,,,,,,,,,,,,,,,,,full/export-full,paper-RP64,num_feature_hops_0,1,False,,,,,,,,,
,,,,,,,,,,,,,,,0,,,,,,,,,,,,,,,,,,,,,,,,,,,,,,,NaN,,NaN,,,,,,,,,,,,,,,,,,,,,,,,,,,,,,,,,,,,,,,,,,,,,,,,,,,,,,,,,,,,,feature_ablation,,,,,,,,,,,,,,,,,,,,,,,,,,,,,,,,,,,,,,full/export-full,paper-RP64,num_label_hops_0,1,False,,,,,,,,,
,,,,,,,,,,,,,,,0,,,,,,,,,,,,,,,,,,,,,,,,,,,,,,,NaN,,NaN,,,,,,,,,,,,,,,,,,,,,,,,,,,,,,,,,,,,,,,,,,,,,,,,,,,,,,,,,,,,,feature_ablation,,,,,,,,,,,,,,,,,,,,,,,,,,,,,,,,,,,,,,full/export-full,paper-only,default,1,False,,,,,,,,,
,,,,,,,,,,,,,,,0,,,,,,,,,,,,,,,,,,,,,,,,,,,,,,,NaN,,NaN,,,,,,,,,,,,,,,,,,,,,,,,,,,,,,,,,,,,,,,,,,,,,,,,,,,,,,,,,,,,,feature_ablation,,,,,,,,,,,,,,,,,,,,,,,,,,,,,,,,,,,,,,full/export-full,paper-only,feature_only_mlp_adapter,1,False,,,,,,,,,
,,,,,,,,,,,,,,,0,,,,,,,,,,,,,,,,,,,,,,,,,,,,,,,NaN,,NaN,,,,,,,,,,,,,,,,,,,,,,,,,,,,,,,,,,,,,,,,,,,,,,,,,,,,,,,,,,,,,feature_ablation,,,,,,,,,,,,,,,,,,,,,,,,,,,,,,,,,,,,,,full/export-full,paper-only,no_label_feats,1,False,,,,,,,,,
,,,,,,,,,,,,,,,0,,,,,,,,,,,,,,,,,,,,,,,,,,,,,,,NaN,,NaN,,,,,,,,,,,,,,,,,,,,,,,,,,,,,,,,,,,,,,,,,,,,,,,,,,,,,,,,,,,,,feature_ablation,,,,,,,,,,,,,,,,,,,,,,,,,,,,,,,,,,,,,,full/export-full,paper-only,num_feature_hops_0,1,False,,,,,,,,,
,,,,,,,,,,,,,,,0,,,,,,,,,,,,,,,,,,,,,,,,,,,,,,,NaN,,NaN,,,,,,,,,,,,,,,,,,,,,,,,,,,,,,,,,,,,,,,,,,,,,,,,,,,,,,,,,,,,,feature_ablation,,,,,,,,,,,,,,,,,,,,,,,,,,,,,,,,,,,,,,full/export-full,paper-only,num_label_hops_0,1,False,,,,,,,,,
,,,,,,,,,,,,,,,0,,,,,,,,,,,,,,,,,,,,,,,,,,,,,,,NaN,,NaN,,,,,,,,,,,,,,,,,,,,,,,,,,,,,,,,,,,,,,,,,,,,,,,,,,,,,,,,,,,,,feature_ablation,,,,,,,,,,,,,,,,,,,,,,,,,,,,,,,,,,,,,,full/export-full,paper-pca64,default,1,False,,,,,,,,,
,,,,,,,,,,,,,,,0,,,,,,,,,,,,,,,,,,,,,,,,,,,,,,,NaN,,NaN,,,,,,,,,,,,,,,,,,,,,,,,,,,,,,,,,,,,,,,,,,,,,,,,,,,,,,,,,,,,,feature_ablation,,,,,,,,,,,,,,,,,,,,,,,,,,,,,,,,,,,,,,full/export-full,paper-pca64,feature_only_mlp_adapter,1,False,,,,,,,,,
,,,,,,,,,,,,,,,0,,,,,,,,,,,,,,,,,,,,,,,,,,,,,,,NaN,,NaN,,,,,,,,,,,,,,,,,,,,,,,,,,,,,,,,,,,,,,,,,,,,,,,,,,,,,,,,,,,,,feature_ablation,,,,,,,,,,,,,,,,,,,,,,,,,,,,,,,,,,,,,,full/export-full,paper-pca64,no_label_feats,1,False,,,,,,,,,
,,,,,,,,,,,,,,,0,,,,,,,,,,,,,,,,,,,,,,,,,,,,,,,NaN,,NaN,,,,,,,,,,,,,,,,,,,,,,,,,,,,,,,,,,,,,,,,,,,,,,,,,,,,,,,,,,,,,feature_ablation,,,,,,,,,,,,,,,,,,,,,,,,,,,,,,,,,,,,,,full/export-full,paper-pca64,num_feature_hops_0,1,False,,,,,,,,,
,,,,,,,,,,,,,,,0,,,,,,,,,,,,,,,,,,,,,,,,,,,,,,,NaN,,NaN,,,,,,,,,,,,,,,,,,,,,,,,,,,,,,,,,,,,,,,,,,,,,,,,,,,,,,,,,,,,,feature_ablation,,,,,,,,,,,,,,,,,,,,,,,,,,,,,,,,,,,,,,full/export-full,paper-pca64,num_label_hops_0,1,False,,,,,,,,,
,,,,,,,,,,,,,,,0,,,,,,,,,,,,,,,,,,,,,,,,,,,,,,,NaN,,NaN,,,,,,,,,,,,,,,,,,,,,,,,,,,,,,,,,,,,,,,,,,,,,,,,,,,,,,,,,,,,,feature_ablation,,,,,,,,,,,,,,,,,,,,,,,,,,,,,,,,,,,,,,full/export-full,raw,default,1,False,,,,,,,,,
,,,,,,,,,,,,,,,0,,,,,,,,,,,,,,,,,,,,,,,,,,,,,,,NaN,,NaN,,,,,,,,,,,,,,,,,,,,,,,,,,,,,,,,,,,,,,,,,,,,,,,,,,,,,,,,,,,,,feature_ablation,,,,,,,,,,,,,,,,,,,,,,,,,,,,,,,,,,,,,,full/export-full,raw,feature_only_mlp_adapter,1,False,,,,,,,,,
,,,,,,,,,,,,,,,0,,,,,,,,,,,,,,,,,,,,,,,,,,,,,,,NaN,,NaN,,,,,,,,,,,,,,,,,,,,,,,,,,,,,,,,,,,,,,,,,,,,,,,,,,,,,,,,,,,,,feature_ablation,,,,,,,,,,,,,,,,,,,,,,,,,,,,,,,,,,,,,,full/export-full,raw,no_label_feats,1,False,,,,,,,,,
,,,,,,,,,,,,,,,0,,,,,,,,,,,,,,,,,,,,,,,,,,,,,,,NaN,,NaN,,,,,,,,,,,,,,,,,,,,,,,,,,,,,,,,,,,,,,,,,,,,,,,,,,,,,,,,,,,,,feature_ablation,,,,,,,,,,,,,,,,,,,,,,,,,,,,,,,,,,,,,,full/export-full,raw,num_feature_hops_0,1,False,,,,,,,,,
,,,,,,,,,,,,,,,0,,,,,,,,,,,,,,,,,,,,,,,,,,,,,,,NaN,,NaN,,,,,,,,,,,,,,,,,,,,,,,,,,,,,,,,,,,,,,,,,,,,,,,,,,,,,,,,,,,,,feature_ablation,,,,,,,,,,,,,,,,,,,,,,,,,,,,,,,,,,,,,,full/export-full,raw,num_label_hops_0,1,False,,,,,,,,,
,,,,,,,,,,,,,,,0,,,,,,,,,,,,,,,,,,,,,,,,,,,,,,,NaN,,NaN,,,,,,,,,,,,,,,,,,,,,,,,,,,,,,,,,,,,,,,,,,,,,,,,,,,,,,,,,,,,,feature_ablation,,,,,,,,,,,,,,,,,,,,,,,,,,,,,,,,,,,,,,full/export-full,term-only,default,1,False,,,,,,,,,
,,,,,,,,,,,,,,,0,,,,,,,,,,,,,,,,,,,,,,,,,,,,,,,NaN,,NaN,,,,,,,,,,,,,,,,,,,,,,,,,,,,,,,,,,,,,,,,,,,,,,,,,,,,,,,,,,,,,feature_ablation,,,,,,,,,,,,,,,,,,,,,,,,,,,,,,,,,,,,,,full/export-full,term-only,feature_only_mlp_adapter,1,False,,,,,,,,,
,,,,,,,,,,,,,,,0,,,,,,,,,,,,,,,,,,,,,,,,,,,,,,,NaN,,NaN,,,,,,,,,,,,,,,,,,,,,,,,,,,,,,,,,,,,,,,,,,,,,,,,,,,,,,,,,,,,,feature_ablation,,,,,,,,,,,,,,,,,,,,,,,,,,,,,,,,,,,,,,full/export-full,term-only,no_label_feats,1,False,,,,,,,,,
,,,,,,,,,,,,,,,0,,,,,,,,,,,,,,,,,,,,,,,,,,,,,,,NaN,,NaN,,,,,,,,,,,,,,,,,,,,,,,,,,,,,,,,,,,,,,,,,,,,,,,,,,,,,,,,,,,,,feature_ablation,,,,,,,,,,,,,,,,,,,,,,,,,,,,,,,,,,,,,,full/export-full,term-only,num_feature_hops_0,1,False,,,,,,,,,
,,,,,,,,,,,,,,,0,,,,,,,,,,,,,,,,,,,,,,,,,,,,,,,NaN,,NaN,,,,,,,,,,,,,,,,,,,,,,,,,,,,,,,,,,,,,,,,,,,,,,,,,,,,,,,,,,,,,feature_ablation,,,,,,,,,,,,,,,,,,,,,,,,,,,,,,,,,,,,,,full/export-full,term-only,num_label_hops_0,1,False,,,,,,,,,
,,,,,,,,,,,,,,,0,,,,,,,,,,,,,,,,,,,,,,,,,,,,,,,NaN,,NaN,,,,,,,,,,,,,,,,,,,,,,,,,,,,,,,,,,,,,,,,,,,,,,,,,,,,,,,,,,,,,feature_ablation,,,,,,,,,,,,,,,,,,,,,,,,,,,,,,,,,,,,,,full/export-full,zero-all-support,default,1,False,,,,,,,,,
,,,,,,,,,,,,,,,0,,,,,,,,,,,,,,,,,,,,,,,,,,,,,,,NaN,,NaN,,,,,,,,,,,,,,,,,,,,,,,,,,,,,,,,,,,,,,,,,,,,,,,,,,,,,,,,,,,,,feature_ablation,,,,,,,,,,,,,,,,,,,,,,,,,,,,,,,,,,,,,,full/export-full,zero-all-support,feature_only_mlp_adapter,1,False,,,,,,,,,
,,,,,,,,,,,,,,,0,,,,,,,,,,,,,,,,,,,,,,,,,,,,,,,NaN,,NaN,,,,,,,,,,,,,,,,,,,,,,,,,,,,,,,,,,,,,,,,,,,,,,,,,,,,,,,,,,,,,feature_ablation,,,,,,,,,,,,,,,,,,,,,,,,,,,,,,,,,,,,,,full/export-full,zero-all-support,no_label_feats,1,False,,,,,,,,,
,,,,,,,,,,,,,,,0,,,,,,,,,,,,,,,,,,,,,,,,,,,,,,,NaN,,NaN,,,,,,,,,,,,,,,,,,,,,,,,,,,,,,,,,,,,,,,,,,,,,,,,,,,,,,,,,,,,,feature_ablation,,,,,,,,,,,,,,,,,,,,,,,,,,,,,,,,,,,,,,full/export-full,zero-all-support,num_feature_hops_0,1,False,,,,,,,,,
,,,,,,,,,,,,,,,0,,,,,,,,,,,,,,,,,,,,,,,,,,,,,,,NaN,,NaN,,,,,,,,,,,,,,,,,,,,,,,,,,,,,,,,,,,,,,,,,,,,,,,,,,,,,,,,,,,,,feature_ablation,,,,,,,,,,,,,,,,,,,,,,,,,,,,,,,,,,,,,,full/export-full,zero-all-support,num_label_hops_0,1,False,,,,,,,,,
,,,,,,,,,,,,,,,0,,,,,,,,,,,,,,,,,,,,,,,,,,,,,,,NaN,,NaN,,,,,,,,,,,,,,,,,,,,,,,,,,,,,,,,,,,,,,,,,,,,,,,,,,,,,,,,,,,,,feature_ablation,,,,,,,,,,,,,,,,,,,,,,,,,,,,,,,,,,,,,,full/export-full,zero-paper,default,1,False,,,,,,,,,
,,,,,,,,,,,,,,,0,,,,,,,,,,,,,,,,,,,,,,,,,,,,,,,NaN,,NaN,,,,,,,,,,,,,,,,,,,,,,,,,,,,,,,,,,,,,,,,,,,,,,,,,,,,,,,,,,,,,feature_ablation,,,,,,,,,,,,,,,,,,,,,,,,,,,,,,,,,,,,,,full/export-full,zero-paper,feature_only_mlp_adapter,1,False,,,,,,,,,
,,,,,,,,,,,,,,,0,,,,,,,,,,,,,,,,,,,,,,,,,,,,,,,NaN,,NaN,,,,,,,,,,,,,,,,,,,,,,,,,,,,,,,,,,,,,,,,,,,,,,,,,,,,,,,,,,,,,feature_ablation,,,,,,,,,,,,,,,,,,,,,,,,,,,,,,,,,,,,,,full/export-full,zero-paper,no_label_feats,1,False,,,,,,,,,
,,,,,,,,,,,,,,,0,,,,,,,,,,,,,,,,,,,,,,,,,,,,,,,NaN,,NaN,,,,,,,,,,,,,,,,,,,,,,,,,,,,,,,,,,,,,,,,,,,,,,,,,,,,,,,,,,,,,feature_ablation,,,,,,,,,,,,,,,,,,,,,,,,,,,,,,,,,,,,,,full/export-full,zero-paper,num_feature_hops_0,1,False,,,,,,,,,
,,,,,,,,,,,,,,,0,,,,,,,,,,,,,,,,,,,,,,,,,,,,,,,NaN,,NaN,,,,,,,,,,,,,,,,,,,,,,,,,,,,,,,,,,,,,,,,,,,,,,,,,,,,,,,,,,,,,feature_ablation,,,,,,,,,,,,,,,,,,,,,,,,,,,,,,,,,,,,,,full/export-full,zero-paper,num_label_hops_0,1,False,,,,,,,,,
,,,,,,,,,,,,,,,0,,,,,,,,,,,,,,,,,,,,,,,,,,,,,,,NaN,,NaN,,,,,,,,,,,,,,,,,,,,,,,,,,,,,,,,,,,,,,,,,,,,,,,,,,,,,,,,,,,,,feature_ablation,,,,,,,,,,,,,,,,,,,,,,,,,,,,,,,,,,,,,,full/export-full,zero-term,default,1,False,,,,,,,,,
,,,,,,,,,,,,,,,0,,,,,,,,,,,,,,,,,,,,,,,,,,,,,,,NaN,,NaN,,,,,,,,,,,,,,,,,,,,,,,,,,,,,,,,,,,,,,,,,,,,,,,,,,,,,,,,,,,,,feature_ablation,,,,,,,,,,,,,,,,,,,,,,,,,,,,,,,,,,,,,,full/export-full,zero-term,feature_only_mlp_adapter,1,False,,,,,,,,,
,,,,,,,,,,,,,,,0,,,,,,,,,,,,,,,,,,,,,,,,,,,,,,,NaN,,NaN,,,,,,,,,,,,,,,,,,,,,,,,,,,,,,,,,,,,,,,,,,,,,,,,,,,,,,,,,,,,,feature_ablation,,,,,,,,,,,,,,,,,,,,,,,,,,,,,,,,,,,,,,full/export-full,zero-term,no_label_feats,1,False,,,,,,,,,
,,,,,,,,,,,,,,,0,,,,,,,,,,,,,,,,,,,,,,,,,,,,,,,NaN,,NaN,,,,,,,,,,,,,,,,,,,,,,,,,,,,,,,,,,,,,,,,,,,,,,,,,,,,,,,,,,,,,feature_ablation,,,,,,,,,,,,,,,,,,,,,,,,,,,,,,,,,,,,,,full/export-full,zero-term,num_feature_hops_0,1,False,,,,,,,,,
,,,,,,,,,,,,,,,0,,,,,,,,,,,,,,,,,,,,,,,,,,,,,,,NaN,,NaN,,,,,,,,,,,,,,,,,,,,,,,,,,,,,,,,,,,,,,,,,,,,,,,,,,,,,,,,,,,,,feature_ablation,,,,,,,,,,,,,,,,,,,,,,,,,,,,,,,,,,,,,,full/export-full,zero-term,num_label_hops_0,1,False,,,,,,,,,
,,,,,,,,,,,,,,,0,,,,,,,,,,,,,,,,,,,,,,,,,,,,,,,NaN,,,,,,,,,,,,,,,,,,,,,,,,,,,,,,,,,,,,,,,,,,,,,,,,,,,,,,,,,,,,,,,adapter,,,,,,,,,,,,,,,,,,,,,,,,,,,,,,,,,,,,,,HeSF-RCS-APV16,,,1,,fp16_features,NaN,False,,,,,,
,,,,,,,,,,,,,,,0,,,,,,,,,,,,,,,,,,,,,,,,,,,,,,,NaN,,,,,,,,,,,,,,,,,,,,,,,,,,,,,,,,,,,,,,,,,,,,,,,,,,,,,,,,,,,,,,,adapter,,,,,,,,,,,,,,,,,,,,,,,,,,,,,,,,,,,,,,HeSF-RCS-APV16,,,1,,fp16_node_features,NaN,False,,,,,,
,,,,,,,,,,,,,,,0,,,,,,,,,,,,,,,,,,,,,,,,,,,,,,,NaN,,,,,,,,,,,,,,,,,,,,,,,,,,,,,,,,,,,,,,,,,,,,,,,,,,,,,,,,,,,,,,,adapter,,,,,,,,,,,,,,,,,,,,,,,,,,,,,,,,,,,,,,HeSF-RCS-APV16,,,2,,int8_per_feature,NaN,False,,,,,,
,,,,,,,,,,,,,,,0,,,,,,,,,,,,,,,,,,,,,,,,,,,,,,,NaN,,,,,,,,,,,,,,,,,,,,,,,,,,,,,,,,,,,,,,,,,,,,,,,,,,,,,,,,,,,,,,,adapter,,,,,,,,,,,,,,,,,,,,,,,,,,,,,,,,,,,,,,HeSF-RCS-APV16,,,1,,pca_svd_dim128,NaN,False,,,,,,
,,,,,,,,,,,,,,,0,,,,,,,,,,,,,,,,,,,,,,,,,,,,,,,NaN,,,,,,,,,,,,,,,,,,,,,,,,,,,,,,,,,,,,,,,,,,,,,,,,,,,,,,,,,,,,,,,adapter,,,,,,,,,,,,,,,,,,,,,,,,,,,,,,,,,,,,,,HeSF-RCS-APV16,,,1,,pca_svd_dim64,NaN,False,,,,,,
,,,,,,,,,,,,,,,0,,,,,,,,,,,,,,,,,,,,,,,,,,,,,,,NaN,,,,,,,,,,,,,,,,,,,,,,,,,,,,,,,,,,,,,,,,,,,,,,,,,,,,,,,,,,,,,,,adapter,,,,,,,,,,,,,,,,,,,,,,,,,,,,,,,,,,,,,,HeSF-RCS-APV16,,,1,,random_projection_dim128,NaN,False,,,,,,
,,,,,,,,,,,,,,,0,,,,,,,,,,,,,,,,,,,,,,,,,,,,,,,NaN,,,,,,,,,,,,,,,,,,,,,,,,,,,,,,,,,,,,,,,,,,,,,,,,,,,,,,,,,,,,,,,adapter,,,,,,,,,,,,,,,,,,,,,,,,,,,,,,,,,,,,,,HeSF-RCS-APV16,,,1,,random_projection_dim64,NaN,False,,,,,,
,,,,,,,,,,,,,,,0,,,,,,,,,,,,,,,,,,,,,,,,,,,,,,,,,,,,,,,,,,,,,,,,,,,,,,,,,,,,,,,,,,,,,,,,,,,,,,,,,,,,,,,,,,,,,,system_cost,,,,,,,,,,,,,,,,,,,,,,,,,,,,,,,,,,,,,,,,,7,,,,,NaN,NaN,NaN,NaN,False,
,APV12 + RP64 adapter,,,,,,,,,,,,,,0,,,,,,,,,,,,,,,,,,,,,,,,,,,,,,,,,,,,,,,,,,,,,,,,,,,,,,,,,,,,,,,,,,,,,,,,,,,,,,,,,,,,,,,,,,,,,,system_cost,,,,,,,,,,,,,,,,,,,,,,,,,,,,,,,,,,,,,,,,,1,,,,,NaN,NaN,NaN,NaN,False,
,APV12 official text,,,,,,,,,,,,,,0,,,,,,,,,,,,,,,,,,,,,,,,,,,,,,,,,,,,,,,,,,,,,,,,,,,,,,,,,,,,,,,,,,,,,,,,,,,,,,,,,,,,,,,,,,,,,,system_cost,,,,,,,,,,,,,,,,,,,,,,,,,,,,,,,,,,,,,,,,,1,,,,,NaN,NaN,NaN,NaN,False,
,APV12 text,,,,,,,,,,,,,,0,,,,,,,,,,,,,,,,,,,,,,,,,,,,,,,,,,,,,,,,,,,,,,,,,,,,,,,,,,,,,,,,,,,,,,,,,,,,,,,,,,,,,,,,,,,,,,system_cost,,,,,,,,,,,,,,,,,,,,,,,,,,,,,,,,,,,,,,,,,1,,,,,NaN,NaN,NaN,NaN,False,
,APV12+RP64,,,,,,,,,,,,,,0,,,,,,,,,,,,,,,,,,,,,,,,,,,,,,,,,,,,,,,,,,,,,,,,,,,,,,,,,,,,,,,,,,,,,,,,,,,,,,,,,,,,,,,,,,,,,,system_cost,,,,,,,,,,,,,,,,,,,,,,,,,,,,,,,,,,,,,,,,,1,,,,,NaN,NaN,NaN,NaN,False,
,APV16 official text,,,,,,,,,,,,,,0,,,,,,,,,,,,,,,,,,,,,,,,,,,,,,,,,,,,,,,,,,,,,,,,,,,,,,,,,,,,,,,,,,,,,,,,,,,,,,,,,,,,,,,,,,,,,,system_cost,,,,,,,,,,,,,,,,,,,,,,,,,,,,,,,,,,,,,,,,,1,,,,,NaN,NaN,NaN,NaN,False,
,APV16 text,,,,,,,,,,,,,,0,,,,,,,,,,,,,,,,,,,,,,,,,,,,,,,,,,,,,,,,,,,,,,,,,,,,,,,,,,,,,,,,,,,,,,,,,,,,,,,,,,,,,,,,,,,,,,system_cost,,,,,,,,,,,,,,,,,,,,,,,,,,,,,,,,,,,,,,,,,1,,,,,NaN,NaN,NaN,NaN,False,
,FreeHGC-standard,,,,,,,,,,,,,,0,,,,,,,,,,,,,,,,,,,,,,,,,,,,,,,,,,,,,,,,,,,,,,,,,,,,,,,,,,,,,,,,,,,,,,,,,,,,,,,,,,,,,,,,,,,,,,system_cost,,,,,,,,,,,,,,,,,,,,,,,,,,,,,,,,,,,,,,,,,1,,,,,NaN,NaN,NaN,NaN,False,
,HeSF-RCS-APV12 + RP64 adapter,,,,,,,,,,,,,,0,,,,,,,,,,,,,,,,,,,,,,,,,,,,,,,,,,,,,,,,,,,,,,,,,,,,,,,,,,,,,,,,,,,,,,,,,,,,,,,,,,,,,,,,,,,,,,system_cost,,,,,,,,,,,,,,,,,,,,,,,,,,,,,,,,,,,,,,,,,1,,,,,NaN,NaN,NaN,NaN,False,
,HeSF-RCS-APV12 official text,,,,,,,,,,,,,,0,,,,,,,,,,,,,,,,,,,,,,,,,,,,,,,,,,,,,,,,,,,,,,,,,,,,,,,,,,,,,,,,,,,,,,,,,,,,,,,,,,,,,,,,,,,,,,system_cost,,,,,,,,,,,,,,,,,,,,,,,,,,,,,,,,,,,,,,,,,1,,,,,NaN,NaN,NaN,NaN,False,
,HeSF-RCS-APV16 official text,,,,,,,,,,,,,,0,,,,,,,,,,,,,,,,,,,,,,,,,,,,,,,,,,,,,,,,,,,,,,,,,,,,,,,,,,,,,,,,,,,,,,,,,,,,,,,,,,,,,,,,,,,,,,system_cost,,,,,,,,,,,,,,,,,,,,,,,,,,,,,,,,,,,,,,,,,1,,,,,NaN,NaN,NaN,NaN,False,
,best external TP baseline,,,,,,,,,,,,,,0,,,,,,,,,,,,,,,,,,,,,,,,,,,,,,,,,,,,,,,,,,,,,,,,,,,,,,,,,,,,,,,,,,,,,,,,,,,,,,,,,,,,,,,,,,,,,,system_cost,,,,,,,,,,,,,,,,,,,,,,,,,,,,,,,,,,,,,,,,,1,,,,,NaN,NaN,NaN,NaN,False,
,binary CSR + int8 features,,,,,,,,,,,,,,0,,,,,,,,,,,,,,,,,,,,,,,,,,,,,,,,,,,,,,,,,,,,,,,,,,,,,,,,,,,,,,,,,,,,,,,,,,,,,,,,,,,,,,,,,,,,,,system_cost,,,,,,,,,,,,,,,,,,,,,,,,,,,,,,,,,,,,,,,,,1,,,,,NaN,NaN,NaN,NaN,False,
,binary CSR relation tables,,,,,,,,,,,,,,0,,,,,,,,,,,,,,,,,,,,,,,,,,,,,,,,,,,,,,,,,,,,,,,,,,,,,,,,,,,,,,,,,,,,,,,,,,,,,,,,,,,,,,,,,,,,,,system_cost,,,,,,,,,,,,,,,,,,,,,,,,,,,,,,,,,,,,,,,,,1,,,,,NaN,NaN,NaN,NaN,False,
,binary CSR+int8,,,,,,,,,,,,,,0,,,,,,,,,,,,,,,,,,,,,,,,,,,,,,,,,,,,,,,,,,,,,,,,,,,,,,,,,,,,,,,,,,,,,,,,,,,,,,,,,,,,,,,,,,,,,,system_cost,,,,,,,,,,,,,,,,,,,,,,,,,,,,,,,,,,,,,,,,,1,,,,,NaN,NaN,NaN,NaN,False,
,export-full HGB text,,,,,,,,,,,,,,0,,,,,,,,,,,,,,,,,,,,,,,,,,,,,,,,,,,,,,,,,,,,,,,,,,,,,,,,,,,,,,,,,,,,,,,,,,,,,,,,,,,,,,,,,,,,,,system_cost,,,,,,,,,,,,,,,,,,,,,,,,,,,,,,,,,,,,,,,,,1,,,,,NaN,NaN,NaN,NaN,False,
,full/export-full,,,,,,,,,,,,,,0,,,,,,,,,,,,,,,,,,,,,,,,,,,,,,,,,,,,,,,,,,,,,,,,,,,,,,,,,,,,,,,,,,,,,,,,,,,,,,,,,,,,,,,,,,,,,,system_cost,,,,,,,,,,,,,,,,,,,,,,,,,,,,,,,,,,,,,,,,,1,,,,,NaN,NaN,NaN,NaN,False,
,gzip HGB text,,,,,,,,,,,,,,0,,,,,,,,,,,,,,,,,,,,,,,,,,,,,,,,,,,,,,,,,,,,,,,,,,,,,,,,,,,,,,,,,,,,,,,,,,,,,,,,,,,,,,,,,,,,,,system_cost,,,,,,,,,,,,,,,,,,,,,,,,,,,,,,,,,,,,,,,,,1,,,,,NaN,NaN,NaN,NaN,False,
,raw HGB text,,,,,,,,,,,,,,0,,,,,,,,,,,,,,,,,,,,,,,,,,,,,,,,,,,,,,,,,,,,,,,,,,,,,,,,,,,,,,,,,,,,,,,,,,,,,,,,,,,,,,,,,,,,,,system_cost,,,,,,,,,,,,,,,,,,,,,,,,,,,,,,,,,,,,,,,,,1,,,,,NaN,NaN,NaN,NaN,False,
ACM,H6-node30,,,,,,,,,,,,,,0,,,,,,,,,,,,,,,,,,,,,,,,,,,,,,,NaN,,NaN,,,,,,,,,,,,,,,,,,,,,,,,,,,,,,,,,,,,,,,,,,,,,,,,,,,,,,,,,,,,,cross_dataset,,,,,,,,,,,,,,,,,,,,,,,,,,,,,,,,,,,,,,,,,1,,,,,,,,,,False
ACM,H6-node30/closest,,,,,,,,,,,,,,0,,,,,,,,,,,,,,,,,,,,,,,,,,,,,,,NaN,,NaN,,,,,,,,,,,,,,,,,,,,,,,,,,,,,,,,,,,,,,,,,,,,,,,,,,,,,,,,,,,,,cross_dataset,,,,,,,,,,,,,,,,,,,,,,,,,,,,,,,,,,,,,,,,,1,,,,,,,,,,False
ACM,HeSF-RCS-auto structural20,,,,,,,,,,,,,,0,,,,,,,,,,,,,,,,,,,,,,,,,,,,,,,NaN,,NaN,,,,,,,,,,,,,,,,,,,,,,,,,,,,,,,,,,,,,,,,,,,,,,,,,,,,,,,,,,,,,cross_dataset,,,,,,,,,,,,,,,,,,,,,,,,,,,,,,,,,,,,,,,,,1,,,,,,,,,,False
ACM,HeSF-RCS-auto structural30,,,,,,,,,,,,,,0,,,,,,,,,,,,,,,,,,,,,,,,,,,,,,,NaN,,NaN,,,,,,,,,,,,,,,,,,,,,,,,,,,,,,,,,,,,,,,,,,,,,,,,,,,,,,,,,,,,,cross_dataset,,,,,,,,,,,,,,,,,,,,,,,,,,,,,,,,,,,,,,,,,1,,,,,,,,,,False
ACM,HeSF-RCS-auto-coverage-structural20,,,,,,,,,,,,,,0,,,,,,,,,,,,,,,,,,,,,,,,,,,,,,,NaN,,NaN,,,,,,,,,,,,,,,,,,,,,,,,,,,,,,,,,,,,,,,,,,,,,,,,,,,,,,,,,,,,,cross_dataset,,,,,,,,,,,,,,,,,,,,,,,,,,,,,,,,,,,,,,,,,1,,,,,,,,,,False
ACM,HeSF-RCS-auto-coverage-structural30,,,,,,,,,,,,,,0,,,,,,,,,,,,,,,,,,,,,,,,,,,,,,,NaN,,NaN,,,,,,,,,,,,,,,,,,,,,,,,,,,,,,,,,,,,,,,,,,,,,,,,,,,,,,,,,,,,,cross_dataset,,,,,,,,,,,,,,,,,,,,,,,,,,,,,,,,,,,,,,,,,1,,,,,,,,,,False
ACM,HeSF-RCS-auto-probe-structural20,,,,,,,,,,,,,,0,,,,,,,,,,,,,,,,,,,,,,,,,,,,,,,NaN,,NaN,,,,,,,,,,,,,,,,,,,,,,,,,,,,,,,,,,,,,,,,,,,,,,,,,,,,,,,,,,,,,cross_dataset,,,,,,,,,,,,,,,,,,,,,,,,,,,,,,,,,,,,,,,,,1,,,,,,,,,,False
ACM,HeSF-RCS-auto-probe-structural30,,,,,,,,,,,,,,0,,,,,,,,,,,,,,,,,,,,,,,,,,,,,,,NaN,,NaN,,,,,,,,,,,,,,,,,,,,,,,,,,,,,,,,,,,,,,,,,,,,,,,,,,,,,,,,,,,,,cross_dataset,,,,,,,,,,,,,,,,,,,,,,,,,,,,,,,,,,,,,,,,,1,,,,,,,,,,False
ACM,HeSF-RCS-auto-structural20,,,,,,,,,,,,,,0,,,,,,,,,,,,,,,,,,,,,,,,,,,,,,,NaN,,NaN,,,,,,,,,,,,,,,,,,,,,,,,,,,,,,,,,,,,,,,,,,,,,,,,,,,,,,,,,,,,,cross_dataset,,,,,,,,,,,,,,,,,,,,,,,,,,,,,,,,,,,,,,,,,1,,,,,,,,,,False
ACM,HeSF-RCS-auto-structural30,,,,,,,,,,,,,,0,,,,,,,,,,,,,,,,,,,,,,,,,,,,,,,NaN,,NaN,,,,,,,,,,,,,,,,,,,,,,,,,,,,,,,,,,,,,,,,,,,,,,,,,,,,,,,,,,,,,cross_dataset,,,,,,,,,,,,,,,,,,,,,,,,,,,,,,,,,,,,,,,,,1,,,,,,,,,,False
ACM,best available external TP baseline,,,,,,,,,,,,,,0,,,,,,,,,,,,,,,,,,,,,,,,,,,,,,,NaN,,NaN,,,,,,,,,,,,,,,,,,,,,,,,,,,,,,,,,,,,,,,,,,,,,,,,,,,,,,,,,,,,,cross_dataset,,,,,,,,,,,,,,,,,,,,,,,,,,,,,,,,,,,,,,,,,1,,,,,,,,,,False
ACM,best external,,,,,,,,,,,,,,0,,,,,,,,,,,,,,,,,,,,,,,,,,,,,,,NaN,,NaN,,,,,,,,,,,,,,,,,,,,,,,,,,,,,,,,,,,,,,,,,,,,,,,,,,,,,,,,,,,,,cross_dataset,,,,,,,,,,,,,,,,,,,,,,,,,,,,,,,,,,,,,,,,,1,,,,,,,,,,False
ACM,best-external-TP,,,,,,,,,,,,,,0,,,,,,,,,,,,,,,,,,,,,,,,,,,,,,,NaN,,NaN,,,,,,,,,,,,,,,,,,,,,,,,,,,,,,,,,,,,,,,,,,,,,,,,,,,,,,,,,,,,,cross_dataset,,,,,,,,,,,,,,,,,,,,,,,,,,,,,,,,,,,,,,,,,1,,,,,,,,,,False
ACM,export-full,,,,,,,,,,,,,,0,,,,,,,,,,,,,,,,,,,,,,,,,,,,,,,NaN,,NaN,,,,,,,,,,,,,,,,,,,,,,,,,,,,,,,,,,,,,,,,,,,,,,,,,,,,,,,,,,,,,cross_dataset,,,,,,,,,,,,,,,,,,,,,,,,,,,,,,,,,,,,,,,,,1,,,,,,,,,,False
ACM,export-full official SeHGNN,,,,,,,,,,,,,,0,,,,,,,,,,,,,,,,,,,,,,,,,,,,,,,NaN,,NaN,,,,,,,,,,,,,,,,,,,,,,,,,,,,,,,,,,,,,,,,,,,,,,,,,,,,,,,,,,,,,cross_dataset,,,,,,,,,,,,,,,,,,,,,,,,,,,,,,,,,,,,,,,,,1,,,,,,,,,,False
ACM,export-full-SeHGNN,,,,,,,,,,,,,,0,,,,,,,,,,,,,,,,,,,,,,,,,,,,,,,NaN,,NaN,,,,,,,,,,,,,,,,,,,,,,,,,,,,,,,,,,,,,,,,,,,,,,,,,,,,,,,,,,,,,cross_dataset,,,,,,,,,,,,,,,,,,,,,,,,,,,,,,,,,,,,,,,,,1,,,,,,,,,,False
ACM,full-native,,,,,,,,,,,,,,0,,,,,,,,,,,,,,,,,,,,,,,,,,,,,,,NaN,,NaN,,,,,,,,,,,,,,,,,,,,,,,,,,,,,,,,,,,,,,,,,,,,,,,,,,,,,,,,,,,,,cross_dataset,,,,,,,,,,,,,,,,,,,,,,,,,,,,,,,,,,,,,,,,,1,,,,,,,,,,False
ACM,full-native official SeHGNN,,,,,,,,,,,,,,0,,,,,,,,,,,,,,,,,,,,,,,,,,,,,,,NaN,,NaN,,,,,,,,,,,,,,,,,,,,,,,,,,,,,,,,,,,,,,,,,,,,,,,,,,,,,,,,,,,,,cross_dataset,,,,,,,,,,,,,,,,,,,,,,,,,,,,,,,,,,,,,,,,,1,,,,,,,,,,False
ACM,full-native-SeHGNN,,,,,,,,,,,,,,0,,,,,,,,,,,,,,,,,,,,,,,,,,,,,,,NaN,,NaN,,,,,,,,,,,,,,,,,,,,,,,,,,,,,,,,,,,,,,,,,,,,,,,,,,,,,,,,,,,,,cross_dataset,,,,,,,,,,,,,,,,,,,,,,,,,,,,,,,,,,,,,,,,,1,,,,,,,,,,False
ACM,random-edge,,,,,,,,,,,,,,0,,,,,,,,,,,,,,,,,,,,,,,,,,,,,,,NaN,,NaN,,,,,,,,,,,,,,,,,,,,,,,,,,,,,,,,,,,,,,,,,,,,,,,,,,,,,,,,,,,,,cross_dataset,,,,,,,,,,,,,,,,,,,,,,,,,,,,,,,,,,,,,,,,,1,,,,,,,,,,False
ACM,random-edge relation-wise,,,,,,,,,,,,,,0,,,,,,,,,,,,,,,,,,,,,,,,,,,,,,,NaN,,NaN,,,,,,,,,,,,,,,,,,,,,,,,,,,,,,,,,,,,,,,,,,,,,,,,,,,,,,,,,,,,,cross_dataset,,,,,,,,,,,,,,,,,,,,,,,,,,,,,,,,,,,,,,,,,1,,,,,,,,,,False
ACM,random-edge-relation-wise,,,,,,,,,,,,,,0,,,,,,,,,,,,,,,,,,,,,,,,,,,,,,,NaN,,NaN,,,,,,,,,,,,,,,,,,,,,,,,,,,,,,,,,,,,,,,,,,,,,,,,,,,,,,,,,,,,,cross_dataset,,,,,,,,,,,,,,,,,,,,,,,,,,,,,,,,,,,,,,,,,1,,,,,,,,,,False
DBLP,H6-node30,,,,,,,,,,,,,,0,,,,,,,,,,,,,,,,,,,,,,,,,,,,,,,NaN,,NaN,,,,,,,,,,,,,,,,,,,,,,,,,,,,,,,,,,,,,,,,,,,,,,,,,,,,,,,,,,,,,cross_dataset,,,,,,,,,,,,,,,,,,,,,,,,,,,,,,,,,,,,,,,,,1,,,,,,,,,,False
DBLP,HeSF-RCS-auto-coverage-structural20,,,,,,,,,,,,,,0,,,,,,,,,,,,,,,,,,,,,,,,,,,,,,,NaN,,NaN,,,,,,,,,,,,,,,,,,,,,,,,,,,,,,,,,,,,,,,,,,,,,,,,,,,,,,,,,,,,,cross_dataset,,,,,,,,,,,,,,,,,,,,,,,,,,,,,,,,,,,,,,,,,1,,,,,,,,,,False
DBLP,HeSF-RCS-auto-coverage-structural30,,,,,,,,,,,,,,0,,,,,,,,,,,,,,,,,,,,,,,,,,,,,,,NaN,,NaN,,,,,,,,,,,,,,,,,,,,,,,,,,,,,,,,,,,,,,,,,,,,,,,,,,,,,,,,,,,,,cross_dataset,,,,,,,,,,,,,,,,,,,,,,,,,,,,,,,,,,,,,,,,,1,,,,,,,,,,False
DBLP,HeSF-RCS-auto-probe-structural20,,,,,,,,,,,,,,0,,,,,,,,,,,,,,,,,,,,,,,,,,,,,,,NaN,,NaN,,,,,,,,,,,,,,,,,,,,,,,,,,,,,,,,,,,,,,,,,,,,,,,,,,,,,,,,,,,,,cross_dataset,,,,,,,,,,,,,,,,,,,,,,,,,,,,,,,,,,,,,,,,,1,,,,,,,,,,False
DBLP,HeSF-RCS-auto-probe-structural30,,,,,,,,,,,,,,0,,,,,,,,,,,,,,,,,,,,,,,,,,,,,,,NaN,,NaN,,,,,,,,,,,,,,,,,,,,,,,,,,,,,,,,,,,,,,,,,,,,,,,,,,,,,,,,,,,,,cross_dataset,,,,,,,,,,,,,,,,,,,,,,,,,,,,,,,,,,,,,,,,,1,,,,,,,,,,False
DBLP,best-external-TP,,,,,,,,,,,,,,0,,,,,,,,,,,,,,,,,,,,,,,,,,,,,,,NaN,,NaN,,,,,,,,,,,,,,,,,,,,,,,,,,,,,,,,,,,,,,,,,,,,,,,,,,,,,,,,,,,,,cross_dataset,,,,,,,,,,,,,,,,,,,,,,,,,,,,,,,,,,,,,,,,,1,,,,,,,,,,False
DBLP,export-full,,,,,,,,,,,,,,0,,,,,,,,,,,,,,,,,,,,,,,,,,,,,,,NaN,,NaN,,,,,,,,,,,,,,,,,,,,,,,,,,,,,,,,,,,,,,,,,,,,,,,,,,,,,,,,,,,,,cross_dataset,,,,,,,,,,,,,,,,,,,,,,,,,,,,,,,,,,,,,,,,,1,,,,,,,,,,False
DBLP,full-native,,,,,,,,,,,,,,0,,,,,,,,,,,,,,,,,,,,,,,,,,,,,,,NaN,,NaN,,,,,,,,,,,,,,,,,,,,,,,,,,,,,,,,,,,,,,,,,,,,,,,,,,,,,,,,,,,,,cross_dataset,,,,,,,,,,,,,,,,,,,,,,,,,,,,,,,,,,,,,,,,,1,,,,,,,,,,False
DBLP,random-edge,,,,,,,,,,,,,,0,,,,,,,,,,,,,,,,,,,,,,,,,,,,,,,NaN,,NaN,,,,,,,,,,,,,,,,,,,,,,,,,,,,,,,,,,,,,,,,,,,,,,,,,,,,,,,,,,,,,cross_dataset,,,,,,,,,,,,,,,,,,,,,,,,,,,,,,,,,,,,,,,,,1,,,,,,,,,,False
IMDB,H6-node30,,,,,,,,,,,,,,0,,,,,,,,,,,,,,,,,,,,,,,,,,,,,,,NaN,,NaN,,,,,,,,,,,,,,,,,,,,,,,,,,,,,,,,,,,,,,,,,,,,,,,,,,,,,,,,,,,,,cross_dataset,,,,,,,,,,,,,,,,,,,,,,,,,,,,,,,,,,,,,,,,,1,,,,,,,,,,False
IMDB,H6-node30/closest,,,,,,,,,,,,,,0,,,,,,,,,,,,,,,,,,,,,,,,,,,,,,,NaN,,NaN,,,,,,,,,,,,,,,,,,,,,,,,,,,,,,,,,,,,,,,,,,,,,,,,,,,,,,,,,,,,,cross_dataset,,,,,,,,,,,,,,,,,,,,,,,,,,,,,,,,,,,,,,,,,1,,,,,,,,,,False
IMDB,HeSF-RCS-auto structural20,,,,,,,,,,,,,,0,,,,,,,,,,,,,,,,,,,,,,,,,,,,,,,NaN,,NaN,,,,,,,,,,,,,,,,,,,,,,,,,,,,,,,,,,,,,,,,,,,,,,,,,,,,,,,,,,,,,cross_dataset,,,,,,,,,,,,,,,,,,,,,,,,,,,,,,,,,,,,,,,,,1,,,,,,,,,,False
IMDB,HeSF-RCS-auto structural30,,,,,,,,,,,,,,0,,,,,,,,,,,,,,,,,,,,,,,,,,,,,,,NaN,,NaN,,,,,,,,,,,,,,,,,,,,,,,,,,,,,,,,,,,,,,,,,,,,,,,,,,,,,,,,,,,,,cross_dataset,,,,,,,,,,,,,,,,,,,,,,,,,,,,,,,,,,,,,,,,,1,,,,,,,,,,False
IMDB,HeSF-RCS-auto-coverage-structural20,,,,,,,,,,,,,,0,,,,,,,,,,,,,,,,,,,,,,,,,,,,,,,NaN,,NaN,,,,,,,,,,,,,,,,,,,,,,,,,,,,,,,,,,,,,,,,,,,,,,,,,,,,,,,,,,,,,cross_dataset,,,,,,,,,,,,,,,,,,,,,,,,,,,,,,,,,,,,,,,,,1,,,,,,,,,,False
IMDB,HeSF-RCS-auto-coverage-structural30,,,,,,,,,,,,,,0,,,,,,,,,,,,,,,,,,,,,,,,,,,,,,,NaN,,NaN,,,,,,,,,,,,,,,,,,,,,,,,,,,,,,,,,,,,,,,,,,,,,,,,,,,,,,,,,,,,,cross_dataset,,,,,,,,,,,,,,,,,,,,,,,,,,,,,,,,,,,,,,,,,1,,,,,,,,,,False
IMDB,HeSF-RCS-auto-probe-structural20,,,,,,,,,,,,,,0,,,,,,,,,,,,,,,,,,,,,,,,,,,,,,,NaN,,NaN,,,,,,,,,,,,,,,,,,,,,,,,,,,,,,,,,,,,,,,,,,,,,,,,,,,,,,,,,,,,,cross_dataset,,,,,,,,,,,,,,,,,,,,,,,,,,,,,,,,,,,,,,,,,1,,,,,,,,,,False
IMDB,HeSF-RCS-auto-probe-structural30,,,,,,,,,,,,,,0,,,,,,,,,,,,,,,,,,,,,,,,,,,,,,,NaN,,NaN,,,,,,,,,,,,,,,,,,,,,,,,,,,,,,,,,,,,,,,,,,,,,,,,,,,,,,,,,,,,,cross_dataset,,,,,,,,,,,,,,,,,,,,,,,,,,,,,,,,,,,,,,,,,1,,,,,,,,,,False
IMDB,HeSF-RCS-auto-structural20,,,,,,,,,,,,,,0,,,,,,,,,,,,,,,,,,,,,,,,,,,,,,,NaN,,NaN,,,,,,,,,,,,,,,,,,,,,,,,,,,,,,,,,,,,,,,,,,,,,,,,,,,,,,,,,,,,,cross_dataset,,,,,,,,,,,,,,,,,,,,,,,,,,,,,,,,,,,,,,,,,1,,,,,,,,,,False
IMDB,HeSF-RCS-auto-structural30,,,,,,,,,,,,,,0,,,,,,,,,,,,,,,,,,,,,,,,,,,,,,,NaN,,NaN,,,,,,,,,,,,,,,,,,,,,,,,,,,,,,,,,,,,,,,,,,,,,,,,,,,,,,,,,,,,,cross_dataset,,,,,,,,,,,,,,,,,,,,,,,,,,,,,,,,,,,,,,,,,1,,,,,,,,,,False
IMDB,best available external TP baseline,,,,,,,,,,,,,,0,,,,,,,,,,,,,,,,,,,,,,,,,,,,,,,NaN,,NaN,,,,,,,,,,,,,,,,,,,,,,,,,,,,,,,,,,,,,,,,,,,,,,,,,,,,,,,,,,,,,cross_dataset,,,,,,,,,,,,,,,,,,,,,,,,,,,,,,,,,,,,,,,,,1,,,,,,,,,,False
IMDB,best external,,,,,,,,,,,,,,0,,,,,,,,,,,,,,,,,,,,,,,,,,,,,,,NaN,,NaN,,,,,,,,,,,,,,,,,,,,,,,,,,,,,,,,,,,,,,,,,,,,,,,,,,,,,,,,,,,,,cross_dataset,,,,,,,,,,,,,,,,,,,,,,,,,,,,,,,,,,,,,,,,,1,,,,,,,,,,False
IMDB,best-external-TP,,,,,,,,,,,,,,0,,,,,,,,,,,,,,,,,,,,,,,,,,,,,,,NaN,,NaN,,,,,,,,,,,,,,,,,,,,,,,,,,,,,,,,,,,,,,,,,,,,,,,,,,,,,,,,,,,,,cross_dataset,,,,,,,,,,,,,,,,,,,,,,,,,,,,,,,,,,,,,,,,,1,,,,,,,,,,False
IMDB,export-full,,,,,,,,,,,,,,0,,,,,,,,,,,,,,,,,,,,,,,,,,,,,,,NaN,,NaN,,,,,,,,,,,,,,,,,,,,,,,,,,,,,,,,,,,,,,,,,,,,,,,,,,,,,,,,,,,,,cross_dataset,,,,,,,,,,,,,,,,,,,,,,,,,,,,,,,,,,,,,,,,,1,,,,,,,,,,False
IMDB,export-full official SeHGNN,,,,,,,,,,,,,,0,,,,,,,,,,,,,,,,,,,,,,,,,,,,,,,NaN,,NaN,,,,,,,,,,,,,,,,,,,,,,,,,,,,,,,,,,,,,,,,,,,,,,,,,,,,,,,,,,,,,cross_dataset,,,,,,,,,,,,,,,,,,,,,,,,,,,,,,,,,,,,,,,,,1,,,,,,,,,,False
IMDB,export-full-SeHGNN,,,,,,,,,,,,,,0,,,,,,,,,,,,,,,,,,,,,,,,,,,,,,,NaN,,NaN,,,,,,,,,,,,,,,,,,,,,,,,,,,,,,,,,,,,,,,,,,,,,,,,,,,,,,,,,,,,,cross_dataset,,,,,,,,,,,,,,,,,,,,,,,,,,,,,,,,,,,,,,,,,1,,,,,,,,,,False
IMDB,full-native,,,,,,,,,,,,,,0,,,,,,,,,,,,,,,,,,,,,,,,,,,,,,,NaN,,NaN,,,,,,,,,,,,,,,,,,,,,,,,,,,,,,,,,,,,,,,,,,,,,,,,,,,,,,,,,,,,,cross_dataset,,,,,,,,,,,,,,,,,,,,,,,,,,,,,,,,,,,,,,,,,1,,,,,,,,,,False
IMDB,full-native official SeHGNN,,,,,,,,,,,,,,0,,,,,,,,,,,,,,,,,,,,,,,,,,,,,,,NaN,,NaN,,,,,,,,,,,,,,,,,,,,,,,,,,,,,,,,,,,,,,,,,,,,,,,,,,,,,,,,,,,,,cross_dataset,,,,,,,,,,,,,,,,,,,,,,,,,,,,,,,,,,,,,,,,,1,,,,,,,,,,False
IMDB,full-native-SeHGNN,,,,,,,,,,,,,,0,,,,,,,,,,,,,,,,,,,,,,,,,,,,,,,NaN,,NaN,,,,,,,,,,,,,,,,,,,,,,,,,,,,,,,,,,,,,,,,,,,,,,,,,,,,,,,,,,,,,cross_dataset,,,,,,,,,,,,,,,,,,,,,,,,,,,,,,,,,,,,,,,,,1,,,,,,,,,,False
IMDB,random-edge,,,,,,,,,,,,,,0,,,,,,,,,,,,,,,,,,,,,,,,,,,,,,,NaN,,NaN,,,,,,,,,,,,,,,,,,,,,,,,,,,,,,,,,,,,,,,,,,,,,,,,,,,,,,,,,,,,,cross_dataset,,,,,,,,,,,,,,,,,,,,,,,,,,,,,,,,,,,,,,,,,1,,,,,,,,,,False
IMDB,random-edge relation-wise,,,,,,,,,,,,,,0,,,,,,,,,,,,,,,,,,,,,,,,,,,,,,,NaN,,NaN,,,,,,,,,,,,,,,,,,,,,,,,,,,,,,,,,,,,,,,,,,,,,,,,,,,,,,,,,,,,,cross_dataset,,,,,,,,,,,,,,,,,,,,,,,,,,,,,,,,,,,,,,,,,1,,,,,,,,,,False
IMDB,random-edge-relation-wise,,,,,,,,,,,,,,0,,,,,,,,,,,,,,,,,,,,,,,,,,,,,,,NaN,,NaN,,,,,,,,,,,,,,,,,,,,,,,,,,,,,,,,,,,,,,,,,,,,,,,,,,,,,,,,,,,,,cross_dataset,,,,,,,,,,,,,,,,,,,,,,,,,,,,,,,,,,,,,,,,,1,,,,,,,,,,False
