dataset,method,method_family,base_graph_method,canonical_base_graph_method,graph_seed,training_seed,feature_compression_method,uses_feature_adapter,official_sehgnn_unmodified,eligible_for_main_decision,eligible_for_adapter_table,official_text_hgb_byte_ratio,hgb_raw_file_byte_ratio,adapter_binary_feature_byte_ratio,adapter_effective_deployment_byte_ratio,effective_total_byte_ratio,preprocessed_cache_byte_ratio,feature_storage_ratio,test_micro_f1,test_macro_f1,validation_micro_f1,validation_macro_f1,feature_loader_audit_pass,fit_uses_labels,fit_uses_test_labels,fit_uses_validation_labels,fit_uses_test_features,success,status,failed_reason,sidecar_feature_bytes,sidecar_metadata_bytes,node_dat_bytes,link_dat_bytes,label_dat_bytes,label_test_dat_bytes,info_dat_bytes,export_total_bytes,native_full_total_bytes,preprocessed_cache_bytes,train_time_seconds,peak_memory_mb,adapter_package_ratio,adapter_manifest_complete,adapter_manifest_path,adapter_package_total_bytes,projection_fit_time_seconds,sidecar_write_time_seconds,sidecar_load_time_seconds,preprocess_time_seconds,peak_cpu_memory_mb,peak_gpu_memory_mb,failure_type
DBLP,H6-APV-skeleton+fp16_node_features,feature_compressed_adapter,H6-APV-skeleton,H6-relgrid-APPA100-PVVP100-PTTP00,1,1,fp16_node_features,True,False,False,True,0.5325500433736964,0.5325500433736964,0.2623798655874466,0.2678540430045147,0.2678540430045147,,0.5,0.9507040000000001,0.946857,0.934156,0.93161,,False,False,False,True,True,success,,34636998,4,69273997,668069,16378,38200,0,70302402,132010884,0,22.717782300000003,,0.2679083415576552,True,results\gate21_6_feature_adapter_package\adapter_manifests\H6-APV-skeleton+fp16_node_features\graph_seed_1\training_seed_1\adapter_manifest.json,35366817,,,,,,,
DBLP,H6-APV-skeleton+fp16_node_features,feature_compressed_adapter,H6-APV-skeleton,H6-relgrid-APPA100-PVVP100-PTTP00,1,2,fp16_node_features,True,False,False,True,0.5325500433736964,0.5325500433736964,0.2623798655874466,0.2678540430045147,0.2678540430045147,,0.5,0.9492959999999999,0.945886,0.962963,0.960235,,False,False,False,True,True,success,,34636998,4,69273997,668069,16378,38200,0,70302402,132010884,0,17.235192600000005,,0.2679083415576552,True,results\gate21_6_feature_adapter_package\adapter_manifests\H6-APV-skeleton+fp16_node_features\graph_seed_1\training_seed_2\adapter_manifest.json,35366817,,,,,,,
DBLP,H6-APV-skeleton+fp16_node_features,feature_compressed_adapter,H6-APV-skeleton,H6-relgrid-APPA100-PVVP100-PTTP00,1,3,fp16_node_features,True,False,False,True,0.5325500433736964,0.5325500433736964,0.2623798655874466,0.2678540430045147,0.2678540430045147,,0.5,0.948592,0.945121,0.942387,0.938376,,False,False,False,True,True,success,,34636998,4,69273997,668069,16378,38200,0,70302402,132010884,0,16.791943500000002,,0.2679083415576552,True,results\gate21_6_feature_adapter_package\adapter_manifests\H6-APV-skeleton+fp16_node_features\graph_seed_1\training_seed_3\adapter_manifest.json,35366817,,,,,,,
DBLP,H6-APV-skeleton+fp16_node_features,feature_compressed_adapter,H6-APV-skeleton,H6-relgrid-APPA100-PVVP100-PTTP00,1,4,fp16_node_features,True,False,False,True,0.5325500433736964,0.5325500433736964,0.2623798655874466,0.2678540430045147,0.2678540430045147,,0.5,0.9422539999999999,0.938052,0.942387,0.941682,,False,False,False,True,True,success,,34636998,4,69273997,668069,16378,38200,0,70302402,132010884,0,30.570164500000033,,0.2679083415576552,True,results\gate21_6_feature_adapter_package\adapter_manifests\H6-APV-skeleton+fp16_node_features\graph_seed_1\training_seed_4\adapter_manifest.json,35366817,,,,,,,
DBLP,H6-APV-skeleton+fp16_node_features,feature_compressed_adapter,H6-APV-skeleton,H6-relgrid-APPA100-PVVP100-PTTP00,1,5,fp16_node_features,True,False,False,True,0.5325500433736964,0.5325500433736964,0.2623798655874466,0.2678540430045147,0.2678540430045147,,0.5,0.95,0.9465389999999999,0.946502,0.942473,,False,False,False,True,True,success,,34636998,4,69273997,668069,16378,38200,0,70302402,132010884,0,17.438719500000047,,0.2679083415576552,True,results\gate21_6_feature_adapter_package\adapter_manifests\H6-APV-skeleton+fp16_node_features\graph_seed_1\training_seed_5\adapter_manifest.json,35366817,,,,,,,
DBLP,H6-APV-skeleton+int8_per_feature,feature_compressed_adapter,H6-APV-skeleton,H6-relgrid-APPA100-PVVP100-PTTP00,1,1,int8_per_feature,True,False,False,True,0.5367364103099257,0.5367364103099257,0.1322365207402141,0.13796707095757346,0.13796707095757346,,0.25,0.9507040000000001,0.946857,0.934156,0.93161,,False,False,False,True,True,success,,17456660,33848,69826643,668069,16378,38200,0,70855048,132010884,0,20.4921717,,0.13802136951071398,True,results\gate21_6_feature_adapter_package\adapter_manifests\H6-APV-skeleton+int8_per_feature\graph_seed_1\training_seed_1\adapter_manifest.json,18220323,,,,,,,
DBLP,H6-APV-skeleton+int8_per_feature,feature_compressed_adapter,H6-APV-skeleton,H6-relgrid-APPA100-PVVP100-PTTP00,1,2,int8_per_feature,True,False,False,True,0.5367364103099257,0.5367364103099257,0.1322365207402141,0.13796707095757346,0.13796707095757346,,0.25,0.948944,0.945433,0.962963,0.960235,,False,False,False,True,True,success,,17456660,33848,69826643,668069,16378,38200,0,70855048,132010884,0,18.099285400000014,,0.13802136951071398,True,results\gate21_6_feature_adapter_package\adapter_manifests\H6-APV-skeleton+int8_per_feature\graph_seed_1\training_seed_2\adapter_manifest.json,18220323,,,,,,,
DBLP,H6-APV-skeleton+int8_per_feature,feature_compressed_adapter,H6-APV-skeleton,H6-relgrid-APPA100-PVVP100-PTTP00,1,3,int8_per_feature,True,False,False,True,0.5367364103099257,0.5367364103099257,0.1322365207402141,0.13796707095757346,0.13796707095757346,,0.25,0.948592,0.945121,0.942387,0.938376,,False,False,False,True,True,success,,17456660,33848,69826643,668069,16378,38200,0,70855048,132010884,0,17.22682679999997,,0.13802136951071398,True,results\gate21_6_feature_adapter_package\adapter_manifests\H6-APV-skeleton+int8_per_feature\graph_seed_1\training_seed_3\adapter_manifest.json,18220323,,,,,,,
DBLP,H6-APV-skeleton+int8_per_feature,feature_compressed_adapter,H6-APV-skeleton,H6-relgrid-APPA100-PVVP100-PTTP00,1,4,int8_per_feature,True,False,False,True,0.5367364103099257,0.5367364103099257,0.1322365207402141,0.13796707095757346,0.13796707095757346,,0.25,0.948944,0.944963,0.946502,0.945717,,False,False,False,True,True,success,,17456660,33848,69826643,668069,16378,38200,0,70855048,132010884,0,23.127718399999992,,0.13802136951071398,True,results\gate21_6_feature_adapter_package\adapter_manifests\H6-APV-skeleton+int8_per_feature\graph_seed_1\training_seed_4\adapter_manifest.json,18220323,,,,,,,
DBLP,H6-APV-skeleton+int8_per_feature,feature_compressed_adapter,H6-APV-skeleton,H6-relgrid-APPA100-PVVP100-PTTP00,1,5,int8_per_feature,True,False,False,True,0.5367364103099257,0.5367364103099257,0.1322365207402141,0.13796707095757346,0.13796707095757346,,0.25,0.95,0.9465389999999999,0.946502,0.942473,,False,False,False,True,True,success,,17456660,33848,69826643,668069,16378,38200,0,70855048,132010884,0,17.578368699999942,,0.13802136951071398,True,results\gate21_6_feature_adapter_package\adapter_manifests\H6-APV-skeleton+int8_per_feature\graph_seed_1\training_seed_5\adapter_manifest.json,18220323,,,,,,,
DBLP,H6-APV-skeleton+pca_svd_dim64,feature_compressed_adapter,H6-APV-skeleton,H6-relgrid-APPA100-PVVP100-PTTP00,1,1,pca_svd_dim64,True,False,False,True,0.10885220645897652,0.10885220645897652,0.0015287072844690594,0.007002854401005299,0.007002854401005299,,0.015126447648310093,0.946127,0.941912,0.934156,0.930558,,False,False,False,True,True,success,,201806,0,13341269,668069,16378,38200,0,14369676,132010884,0,16.116584599999996,,0.0070571529541458115,True,results\gate21_6_feature_adapter_package\adapter_manifests\H6-APV-skeleton+pca_svd_dim64\graph_seed_1\training_seed_1\adapter_manifest.json,931621,,,,,,,
DBLP,H6-APV-skeleton+pca_svd_dim64,feature_compressed_adapter,H6-APV-skeleton,H6-relgrid-APPA100-PVVP100-PTTP00,1,2,pca_svd_dim64,True,False,False,True,0.10885220645897652,0.10885220645897652,0.0015287072844690594,0.007002854401005299,0.007002854401005299,,0.015126447648310093,0.9496479999999999,0.946245,0.958848,0.955401,,False,False,False,True,True,success,,201806,0,13341269,668069,16378,38200,0,14369676,132010884,0,14.61635990000002,,0.0070571529541458115,True,results\gate21_6_feature_adapter_package\adapter_manifests\H6-APV-skeleton+pca_svd_dim64\graph_seed_1\training_seed_2\adapter_manifest.json,931621,,,,,,,
DBLP,H6-APV-skeleton+pca_svd_dim64,feature_compressed_adapter,H6-APV-skeleton,H6-relgrid-APPA100-PVVP100-PTTP00,1,3,pca_svd_dim64,True,False,False,True,0.10885220645897652,0.10885220645897652,0.0015287072844690594,0.007002854401005299,0.007002854401005299,,0.015126447648310093,0.947887,0.9438179999999999,0.938272,0.933587,,False,False,False,True,True,success,,201806,0,13341269,668069,16378,38200,0,14369676,132010884,0,13.765839200000016,,0.0070571529541458115,True,results\gate21_6_feature_adapter_package\adapter_manifests\H6-APV-skeleton+pca_svd_dim64\graph_seed_1\training_seed_3\adapter_manifest.json,931621,,,,,,,
DBLP,H6-APV-skeleton+pca_svd_dim64,feature_compressed_adapter,H6-APV-skeleton,H6-relgrid-APPA100-PVVP100-PTTP00,1,4,pca_svd_dim64,True,False,False,True,0.10885220645897652,0.10885220645897652,0.0015287072844690594,0.007002854401005299,0.007002854401005299,,0.015126447648310093,0.9422539999999999,0.9377530000000001,0.946502,0.945564,,False,False,False,True,True,success,,201806,0,13341269,668069,16378,38200,0,14369676,132010884,0,24.73458389999996,,0.0070571529541458115,True,results\gate21_6_feature_adapter_package\adapter_manifests\H6-APV-skeleton+pca_svd_dim64\graph_seed_1\training_seed_4\adapter_manifest.json,931621,,,,,,,
DBLP,H6-APV-skeleton+pca_svd_dim64,feature_compressed_adapter,H6-APV-skeleton,H6-relgrid-APPA100-PVVP100-PTTP00,1,5,pca_svd_dim64,True,False,False,True,0.10885220645897652,0.10885220645897652,0.0015287072844690594,0.007002854401005299,0.007002854401005299,,0.015126447648310093,0.952465,0.9492910000000001,0.946502,0.9408660000000001,,False,False,False,True,True,success,,201806,0,13341269,668069,16378,38200,0,14369676,132010884,0,14.221796299999937,,0.0070571529541458115,True,results\gate21_6_feature_adapter_package\adapter_manifests\H6-APV-skeleton+pca_svd_dim64\graph_seed_1\training_seed_5\adapter_manifest.json,931621,,,,,,,
DBLP,H6-APV-skeleton+pca_svd_dim128,feature_compressed_adapter,H6-APV-skeleton,H6-relgrid-APPA100-PVVP100-PTTP00,1,1,pca_svd_dim128,True,False,False,True,0.14526077258902378,0.14526077258902378,0.00415887677867531,0.00963302389521155,0.00963302389521155,,0.030252895296620185,0.948944,0.944863,0.925926,0.923913,,False,False,False,True,True,success,,549017,0,18147593,668069,16378,38200,0,19176003,132010884,0,18.264114300000003,,0.009687322448352062,True,results\gate21_6_feature_adapter_package\adapter_manifests\H6-APV-skeleton+pca_svd_dim128\graph_seed_1\training_seed_1\adapter_manifest.json,1278832,,,,,,,
DBLP,H6-APV-skeleton+pca_svd_dim128,feature_compressed_adapter,H6-APV-skeleton,H6-relgrid-APPA100-PVVP100-PTTP00,1,2,pca_svd_dim128,True,False,False,True,0.14526077258902378,0.14526077258902378,0.00415887677867531,0.00963302389521155,0.00963302389521155,,0.030252895296620185,0.952113,0.948756,0.958848,0.955401,,False,False,False,True,True,success,,549017,0,18147593,668069,16378,38200,0,19176003,132010884,0,14.830958400000014,,0.009687322448352062,True,results\gate21_6_feature_adapter_package\adapter_manifests\H6-APV-skeleton+pca_svd_dim128\graph_seed_1\training_seed_2\adapter_manifest.json,1278832,,,,,,,
DBLP,H6-APV-skeleton+pca_svd_dim128,feature_compressed_adapter,H6-APV-skeleton,H6-relgrid-APPA100-PVVP100-PTTP00,1,3,pca_svd_dim128,True,False,False,True,0.14526077258902378,0.14526077258902378,0.00415887677867531,0.00963302389521155,0.00963302389521155,,0.030252895296620185,0.947535,0.943716,0.942387,0.938376,,False,False,False,True,True,success,,549017,0,18147593,668069,16378,38200,0,19176003,132010884,0,14.150570499999958,,0.009687322448352062,True,results\gate21_6_feature_adapter_package\adapter_manifests\H6-APV-skeleton+pca_svd_dim128\graph_seed_1\training_seed_3\adapter_manifest.json,1278832,,,,,,,
DBLP,H6-APV-skeleton+pca_svd_dim128,feature_compressed_adapter,H6-APV-skeleton,H6-relgrid-APPA100-PVVP100-PTTP00,1,4,pca_svd_dim128,True,False,False,True,0.14526077258902378,0.14526077258902378,0.00415887677867531,0.00963302389521155,0.00963302389521155,,0.030252895296620185,0.940845,0.9364159999999999,0.950617,0.950201,,False,False,False,True,True,success,,549017,0,18147593,668069,16378,38200,0,19176003,132010884,0,27.981978899999945,,0.009687322448352062,True,results\gate21_6_feature_adapter_package\adapter_manifests\H6-APV-skeleton+pca_svd_dim128\graph_seed_1\training_seed_4\adapter_manifest.json,1278832,,,,,,,
DBLP,H6-APV-skeleton+pca_svd_dim128,feature_compressed_adapter,H6-APV-skeleton,H6-relgrid-APPA100-PVVP100-PTTP00,1,5,pca_svd_dim128,True,False,False,True,0.14526077258902378,0.14526077258902378,0.00415887677867531,0.00963302389521155,0.00963302389521155,,0.030252895296620185,0.9482389999999999,0.944334,0.946502,0.941413,,False,False,False,True,True,success,,549017,0,18147593,668069,16378,38200,0,19176003,132010884,0,16.745525900000075,,0.009687322448352062,True,results\gate21_6_feature_adapter_package\adapter_manifests\H6-APV-skeleton+pca_svd_dim128\graph_seed_1\training_seed_5\adapter_manifest.json,1278832,,,,,,,
DBLP,H6-APV-skeleton+random_projection_dim64,feature_compressed_adapter,H6-APV-skeleton,H6-relgrid-APPA100-PVVP100-PTTP00,1,1,random_projection_dim64,True,False,False,True,0.10817863321027378,0.10817863321027378,0.00151851115548927,0.0069926582720255094,0.0069926582720255094,,0.015126447648310093,0.9450700000000001,0.941005,0.942387,0.9388,,False,False,False,True,True,success,,200460,0,13252338,668069,16378,38200,0,14280757,132010884,0,18.8216764,,0.0070469568251660215,True,results\gate21_6_feature_adapter_package\adapter_manifests\H6-APV-skeleton+random_projection_dim64\graph_seed_1\training_seed_1\adapter_manifest.json,930275,,,,,,,
DBLP,H6-APV-skeleton+random_projection_dim64,feature_compressed_adapter,H6-APV-skeleton,H6-relgrid-APPA100-PVVP100-PTTP00,1,2,random_projection_dim64,True,False,False,True,0.10817863321027378,0.10817863321027378,0.00151851115548927,0.0069926582720255094,0.0069926582720255094,,0.015126447648310093,0.9503520000000001,0.946858,0.958848,0.955401,,False,False,False,True,True,success,,200460,0,13252338,668069,16378,38200,0,14280757,132010884,0,14.514928999999995,,0.0070469568251660215,True,results\gate21_6_feature_adapter_package\adapter_manifests\H6-APV-skeleton+random_projection_dim64\graph_seed_1\training_seed_2\adapter_manifest.json,930275,,,,,,,
DBLP,H6-APV-skeleton+random_projection_dim64,feature_compressed_adapter,H6-APV-skeleton,H6-relgrid-APPA100-PVVP100-PTTP00,1,3,random_projection_dim64,True,False,False,True,0.10817863321027378,0.10817863321027378,0.00151851115548927,0.0069926582720255094,0.0069926582720255094,,0.015126447648310093,0.948592,0.944598,0.942387,0.937286,,False,False,False,True,True,success,,200460,0,13252338,668069,16378,38200,0,14280757,132010884,0,13.909696300000007,,0.0070469568251660215,True,results\gate21_6_feature_adapter_package\adapter_manifests\H6-APV-skeleton+random_projection_dim64\graph_seed_1\training_seed_3\adapter_manifest.json,930275,,,,,,,
DBLP,H6-APV-skeleton+random_projection_dim64,feature_compressed_adapter,H6-APV-skeleton,H6-relgrid-APPA100-PVVP100-PTTP00,1,4,random_projection_dim64,True,False,False,True,0.10817863321027378,0.10817863321027378,0.00151851115548927,0.0069926582720255094,0.0069926582720255094,,0.015126447648310093,0.948592,0.944896,0.934156,0.9336180000000001,,False,False,False,True,True,success,,200460,0,13252338,668069,16378,38200,0,14280757,132010884,0,19.118739100000084,,0.0070469568251660215,True,results\gate21_6_feature_adapter_package\adapter_manifests\H6-APV-skeleton+random_projection_dim64\graph_seed_1\training_seed_4\adapter_manifest.json,930275,,,,,,,
DBLP,H6-APV-skeleton+random_projection_dim64,feature_compressed_adapter,H6-APV-skeleton,H6-relgrid-APPA100-PVVP100-PTTP00,1,5,random_projection_dim64,True,False,False,True,0.10817863321027378,0.10817863321027378,0.00151851115548927,0.0069926582720255094,0.0069926582720255094,,0.015126447648310093,0.952817,0.949646,0.942387,0.9373210000000001,,False,False,False,True,True,success,,200460,0,13252338,668069,16378,38200,0,14280757,132010884,0,14.30629440000007,,0.0070469568251660215,True,results\gate21_6_feature_adapter_package\adapter_manifests\H6-APV-skeleton+random_projection_dim64\graph_seed_1\training_seed_5\adapter_manifest.json,930275,,,,,,,
DBLP,H6-APV-skeleton+random_projection_dim128,feature_compressed_adapter,H6-APV-skeleton,H6-relgrid-APPA100-PVVP100-PTTP00,1,1,random_projection_dim128,True,False,False,True,0.14403921422115468,0.14403921422115468,0.004121917704906816,0.009596064821443056,0.009596064821443056,,0.030252895296620185,0.946831,0.9424819999999999,0.934156,0.931404,,False,False,False,True,True,success,,544138,0,17986324,668069,16378,38200,0,19014744,132010884,0,18.9294043,,0.009650363374583568,True,results\gate21_6_feature_adapter_package\adapter_manifests\H6-APV-skeleton+random_projection_dim128\graph_seed_1\training_seed_1\adapter_manifest.json,1273953,,,,,,,
DBLP,H6-APV-skeleton+random_projection_dim128,feature_compressed_adapter,H6-APV-skeleton,H6-relgrid-APPA100-PVVP100-PTTP00,1,2,random_projection_dim128,True,False,False,True,0.14403921422115468,0.14403921422115468,0.004121917704906816,0.009596064821443056,0.009596064821443056,,0.030252895296620185,0.952465,0.949034,0.9547329999999999,0.9512160000000001,,False,False,False,True,True,success,,544138,0,17986324,668069,16378,38200,0,19014744,132010884,0,14.97623440000001,,0.009650363374583568,True,results\gate21_6_feature_adapter_package\adapter_manifests\H6-APV-skeleton+random_projection_dim128\graph_seed_1\training_seed_2\adapter_manifest.json,1273953,,,,,,,
DBLP,H6-APV-skeleton+random_projection_dim128,feature_compressed_adapter,H6-APV-skeleton,H6-relgrid-APPA100-PVVP100-PTTP00,1,3,random_projection_dim128,True,False,False,True,0.14403921422115468,0.14403921422115468,0.004121917704906816,0.009596064821443056,0.009596064821443056,,0.030252895296620185,0.946831,0.943113,0.942387,0.938376,,False,False,False,True,True,success,,544138,0,17986324,668069,16378,38200,0,19014744,132010884,0,14.338272899999993,,0.009650363374583568,True,results\gate21_6_feature_adapter_package\adapter_manifests\H6-APV-skeleton+random_projection_dim128\graph_seed_1\training_seed_3\adapter_manifest.json,1273953,,,,,,,
DBLP,H6-APV-skeleton+random_projection_dim128,feature_compressed_adapter,H6-APV-skeleton,H6-relgrid-APPA100-PVVP100-PTTP00,1,4,random_projection_dim128,True,False,False,True,0.14403921422115468,0.14403921422115468,0.004121917704906816,0.009596064821443056,0.009596064821443056,,0.030252895296620185,0.946831,0.942898,0.942387,0.9420050000000001,,False,False,False,True,True,success,,544138,0,17986324,668069,16378,38200,0,19014744,132010884,0,18.55209960000002,,0.009650363374583568,True,results\gate21_6_feature_adapter_package\adapter_manifests\H6-APV-skeleton+random_projection_dim128\graph_seed_1\training_seed_4\adapter_manifest.json,1273953,,,,,,,
DBLP,H6-APV-skeleton+random_projection_dim128,feature_compressed_adapter,H6-APV-skeleton,H6-relgrid-APPA100-PVVP100-PTTP00,1,5,random_projection_dim128,True,False,False,True,0.14403921422115468,0.14403921422115468,0.004121917704906816,0.009596064821443056,0.009596064821443056,,0.030252895296620185,0.948592,0.9449609999999999,0.950617,0.946935,,False,False,False,True,True,success,,544138,0,17986324,668069,16378,38200,0,19014744,132010884,0,16.609470200000032,,0.009650363374583568,True,results\gate21_6_feature_adapter_package\adapter_manifests\H6-APV-skeleton+random_projection_dim128\graph_seed_1\training_seed_5\adapter_manifest.json,1273953,,,,,,,
DBLP,HeSF-RCS-APV12+fp16_node_features,feature_compressed_adapter,HeSF-RCS-APV12,H6-dirskel-AP100-PA00-PV100-VP00-PTTP00,1,1,fp16_node_features,True,False,False,True,0.5300201837903002,0.5300201837903002,0.2623798655874466,0.265324054643858,0.265324054643858,,0.5,0.944366,0.940067,0.925926,0.923612,,False,False,False,True,True,success,,34636998,4,69273997,334083,16378,38200,0,69968433,132010884,0,15.182589300000018,,0.26537835319699854,True,results\gate21_6_feature_adapter_package\adapter_manifests\HeSF-RCS-APV12+fp16_node_features\graph_seed_1\training_seed_1\adapter_manifest.json,35032831,,,,,,,
DBLP,HeSF-RCS-APV12+fp16_node_features,feature_compressed_adapter,HeSF-RCS-APV12,H6-dirskel-AP100-PA00-PV100-VP00-PTTP00,1,2,fp16_node_features,True,False,False,True,0.5300201837903002,0.5300201837903002,0.2623798655874466,0.265324054643858,0.265324054643858,,0.5,0.947887,0.943808,0.946502,0.942376,,False,False,False,True,True,success,,34636998,4,69273997,334083,16378,38200,0,69968433,132010884,0,15.659108999999944,,0.26537835319699854,True,results\gate21_6_feature_adapter_package\adapter_manifests\HeSF-RCS-APV12+fp16_node_features\graph_seed_1\training_seed_2\adapter_manifest.json,35032831,,,,,,,
DBLP,HeSF-RCS-APV12+fp16_node_features,feature_compressed_adapter,HeSF-RCS-APV12,H6-dirskel-AP100-PA00-PV100-VP00-PTTP00,1,3,fp16_node_features,True,False,False,True,0.5300201837903002,0.5300201837903002,0.2623798655874466,0.265324054643858,0.265324054643858,,0.5,0.947183,0.942654,0.942387,0.937987,,False,False,False,True,True,success,,34636998,4,69273997,334083,16378,38200,0,69968433,132010884,0,16.018431100000043,,0.26537835319699854,True,results\gate21_6_feature_adapter_package\adapter_manifests\HeSF-RCS-APV12+fp16_node_features\graph_seed_1\training_seed_3\adapter_manifest.json,35032831,,,,,,,
DBLP,HeSF-RCS-APV12+fp16_node_features,feature_compressed_adapter,HeSF-RCS-APV12,H6-dirskel-AP100-PA00-PV100-VP00-PTTP00,1,4,fp16_node_features,True,False,False,True,0.5300201837903002,0.5300201837903002,0.2623798655874466,0.265324054643858,0.265324054643858,,0.5,0.9390850000000001,0.934622,0.942387,0.940697,,False,False,False,True,True,success,,34636998,4,69273997,334083,16378,38200,0,69968433,132010884,0,24.221666299999924,,0.26537835319699854,True,results\gate21_6_feature_adapter_package\adapter_manifests\HeSF-RCS-APV12+fp16_node_features\graph_seed_1\training_seed_4\adapter_manifest.json,35032831,,,,,,,
DBLP,HeSF-RCS-APV12+fp16_node_features,feature_compressed_adapter,HeSF-RCS-APV12,H6-dirskel-AP100-PA00-PV100-VP00-PTTP00,1,5,fp16_node_features,True,False,False,True,0.5300201837903002,0.5300201837903002,0.2623798655874466,0.265324054643858,0.265324054643858,,0.5,0.945423,0.9415399999999999,0.950617,0.946817,,False,False,False,True,True,success,,34636998,4,69273997,334083,16378,38200,0,69968433,132010884,0,15.674450399999841,,0.26537835319699854,True,results\gate21_6_feature_adapter_package\adapter_manifests\HeSF-RCS-APV12+fp16_node_features\graph_seed_1\training_seed_5\adapter_manifest.json,35032831,,,,,,,
DBLP,HeSF-RCS-APV12+int8_per_feature,feature_compressed_adapter,HeSF-RCS-APV12,H6-dirskel-AP100-PA00-PV100-VP00-PTTP00,1,1,int8_per_feature,True,False,False,True,0.5342065507265294,0.5342065507265294,0.1322365207402141,0.13543708259691678,0.13543708259691678,,0.25,0.9440139999999999,0.939743,0.925926,0.923612,,False,False,False,True,True,success,,17456660,33848,69826643,334083,16378,38200,0,70521079,132010884,0,14.84401360000004,,0.1354913811500573,True,results\gate21_6_feature_adapter_package\adapter_manifests\HeSF-RCS-APV12+int8_per_feature\graph_seed_1\training_seed_1\adapter_manifest.json,17886337,,,,,,,
DBLP,HeSF-RCS-APV12+int8_per_feature,feature_compressed_adapter,HeSF-RCS-APV12,H6-dirskel-AP100-PA00-PV100-VP00-PTTP00,1,2,int8_per_feature,True,False,False,True,0.5342065507265294,0.5342065507265294,0.1322365207402141,0.13543708259691678,0.13543708259691678,,0.25,0.947887,0.943944,0.946502,0.942376,,False,False,False,True,True,success,,17456660,33848,69826643,334083,16378,38200,0,70521079,132010884,0,15.965186300000028,,0.1354913811500573,True,results\gate21_6_feature_adapter_package\adapter_manifests\HeSF-RCS-APV12+int8_per_feature\graph_seed_1\training_seed_2\adapter_manifest.json,17886337,,,,,,,
DBLP,HeSF-RCS-APV12+int8_per_feature,feature_compressed_adapter,HeSF-RCS-APV12,H6-dirskel-AP100-PA00-PV100-VP00-PTTP00,1,3,int8_per_feature,True,False,False,True,0.5342065507265294,0.5342065507265294,0.1322365207402141,0.13543708259691678,0.13543708259691678,,0.25,0.9464790000000001,0.941964,0.942387,0.937987,,False,False,False,True,True,success,,17456660,33848,69826643,334083,16378,38200,0,70521079,132010884,0,16.13269850000006,,0.1354913811500573,True,results\gate21_6_feature_adapter_package\adapter_manifests\HeSF-RCS-APV12+int8_per_feature\graph_seed_1\training_seed_3\adapter_manifest.json,17886337,,,,,,,
DBLP,HeSF-RCS-APV12+int8_per_feature,feature_compressed_adapter,HeSF-RCS-APV12,H6-dirskel-AP100-PA00-PV100-VP00-PTTP00,1,4,int8_per_feature,True,False,False,True,0.5342065507265294,0.5342065507265294,0.1322365207402141,0.13543708259691678,0.13543708259691678,,0.25,0.936268,0.931324,0.946502,0.94501,,False,False,False,True,True,success,,17456660,33848,69826643,334083,16378,38200,0,70521079,132010884,0,29.273452200000065,,0.1354913811500573,True,results\gate21_6_feature_adapter_package\adapter_manifests\HeSF-RCS-APV12+int8_per_feature\graph_seed_1\training_seed_4\adapter_manifest.json,17886337,,,,,,,
DBLP,HeSF-RCS-APV12+int8_per_feature,feature_compressed_adapter,HeSF-RCS-APV12,H6-dirskel-AP100-PA00-PV100-VP00-PTTP00,1,5,int8_per_feature,True,False,False,True,0.5342065507265294,0.5342065507265294,0.1322365207402141,0.13543708259691678,0.13543708259691678,,0.25,0.945775,0.941949,0.950617,0.946817,,False,False,False,True,True,success,,17456660,33848,69826643,334083,16378,38200,0,70521079,132010884,0,15.466028099999903,,0.1354913811500573,True,results\gate21_6_feature_adapter_package\adapter_manifests\HeSF-RCS-APV12+int8_per_feature\graph_seed_1\training_seed_5\adapter_manifest.json,17886337,,,,,,,
DBLP,HeSF-RCS-APV12+pca_svd_dim64,feature_compressed_adapter,HeSF-RCS-APV12,H6-dirskel-AP100-PA00-PV100-VP00-PTTP00,1,1,pca_svd_dim64,True,False,False,True,0.10632234687558036,0.10632234687558036,0.0015287072844690594,0.004472866040348612,0.004472866040348612,,0.015126447648310093,0.947535,0.9433029999999999,0.9300409999999999,0.926404,,False,False,False,True,True,success,,201806,0,13341269,334083,16378,38200,0,14035707,132010884,0,12.962493300000006,,0.004527164593489124,True,results\gate21_6_feature_adapter_package\adapter_manifests\HeSF-RCS-APV12+pca_svd_dim64\graph_seed_1\training_seed_1\adapter_manifest.json,597635,,,,,,,
DBLP,HeSF-RCS-APV12+pca_svd_dim64,feature_compressed_adapter,HeSF-RCS-APV12,H6-dirskel-AP100-PA00-PV100-VP00-PTTP00,1,2,pca_svd_dim64,True,False,False,True,0.10632234687558036,0.10632234687558036,0.0015287072844690594,0.004472866040348612,0.004472866040348612,,0.015126447648310093,0.947535,0.9436249999999999,0.9547329999999999,0.9512160000000001,,False,False,False,True,True,success,,201806,0,13341269,334083,16378,38200,0,14035707,132010884,0,13.601350000000025,,0.004527164593489124,True,results\gate21_6_feature_adapter_package\adapter_manifests\HeSF-RCS-APV12+pca_svd_dim64\graph_seed_1\training_seed_2\adapter_manifest.json,597635,,,,,,,
DBLP,HeSF-RCS-APV12+pca_svd_dim64,feature_compressed_adapter,HeSF-RCS-APV12,H6-dirskel-AP100-PA00-PV100-VP00-PTTP00,1,3,pca_svd_dim64,True,False,False,True,0.10632234687558036,0.10632234687558036,0.0015287072844690594,0.004472866040348612,0.004472866040348612,,0.015126447648310093,0.947183,0.9427150000000001,0.946502,0.9424379999999999,,False,False,False,True,True,success,,201806,0,13341269,334083,16378,38200,0,14035707,132010884,0,13.481016500000123,,0.004527164593489124,True,results\gate21_6_feature_adapter_package\adapter_manifests\HeSF-RCS-APV12+pca_svd_dim64\graph_seed_1\training_seed_3\adapter_manifest.json,597635,,,,,,,
DBLP,HeSF-RCS-APV12+pca_svd_dim64,feature_compressed_adapter,HeSF-RCS-APV12,H6-dirskel-AP100-PA00-PV100-VP00-PTTP00,1,4,pca_svd_dim64,True,False,False,True,0.10632234687558036,0.10632234687558036,0.0015287072844690594,0.004472866040348612,0.004472866040348612,,0.015126447648310093,0.946127,0.9420149999999999,0.938272,0.9367260000000001,,False,False,False,True,True,success,,201806,0,13341269,334083,16378,38200,0,14035707,132010884,0,18.032141000000138,,0.004527164593489124,True,results\gate21_6_feature_adapter_package\adapter_manifests\HeSF-RCS-APV12+pca_svd_dim64\graph_seed_1\training_seed_4\adapter_manifest.json,597635,,,,,,,
DBLP,HeSF-RCS-APV12+pca_svd_dim64,feature_compressed_adapter,HeSF-RCS-APV12,H6-dirskel-AP100-PA00-PV100-VP00-PTTP00,1,5,pca_svd_dim64,True,False,False,True,0.10632234687558036,0.10632234687558036,0.0015287072844690594,0.004472866040348612,0.004472866040348612,,0.015126447648310093,0.95,0.946318,0.946502,0.941658,,False,False,False,True,True,success,,201806,0,13341269,334083,16378,38200,0,14035707,132010884,0,13.059115699999893,,0.004527164593489124,True,results\gate21_6_feature_adapter_package\adapter_manifests\HeSF-RCS-APV12+pca_svd_dim64\graph_seed_1\training_seed_5\adapter_manifest.json,597635,,,,,,,
DBLP,HeSF-RCS-APV12+pca_svd_dim128,feature_compressed_adapter,HeSF-RCS-APV12,H6-dirskel-AP100-PA00-PV100-VP00-PTTP00,1,1,pca_svd_dim128,True,False,False,True,0.14273091300562762,0.14273091300562762,0.00415887677867531,0.007103035534554863,0.007103035534554863,,0.030252895296620185,0.9464790000000001,0.942474,0.925926,0.9239010000000001,,False,False,False,True,True,success,,549017,0,18147593,334083,16378,38200,0,18842034,132010884,0,12.828944399999955,,0.007157334087695375,True,results\gate21_6_feature_adapter_package\adapter_manifests\HeSF-RCS-APV12+pca_svd_dim128\graph_seed_1\training_seed_1\adapter_manifest.json,944846,,,,,,,
DBLP,HeSF-RCS-APV12+pca_svd_dim128,feature_compressed_adapter,HeSF-RCS-APV12,H6-dirskel-AP100-PA00-PV100-VP00-PTTP00,1,2,pca_svd_dim128,True,False,False,True,0.14273091300562762,0.14273091300562762,0.00415887677867531,0.007103035534554863,0.007103035534554863,,0.030252895296620185,0.9496479999999999,0.945554,0.950617,0.946134,,False,False,False,True,True,success,,549017,0,18147593,334083,16378,38200,0,18842034,132010884,0,13.90372149999996,,0.007157334087695375,True,results\gate21_6_feature_adapter_package\adapter_manifests\HeSF-RCS-APV12+pca_svd_dim128\graph_seed_1\training_seed_2\adapter_manifest.json,944846,,,,,,,
DBLP,HeSF-RCS-APV12+pca_svd_dim128,feature_compressed_adapter,HeSF-RCS-APV12,H6-dirskel-AP100-PA00-PV100-VP00-PTTP00,1,3,pca_svd_dim128,True,False,False,True,0.14273091300562762,0.14273091300562762,0.00415887677867531,0.007103035534554863,0.007103035534554863,,0.030252895296620185,0.947535,0.943337,0.942387,0.938376,,False,False,False,True,True,success,,549017,0,18147593,334083,16378,38200,0,18842034,132010884,0,13.820225499999879,,0.007157334087695375,True,results\gate21_6_feature_adapter_package\adapter_manifests\HeSF-RCS-APV12+pca_svd_dim128\graph_seed_1\training_seed_3\adapter_manifest.json,944846,,,,,,,
DBLP,HeSF-RCS-APV12+pca_svd_dim128,feature_compressed_adapter,HeSF-RCS-APV12,H6-dirskel-AP100-PA00-PV100-VP00-PTTP00,1,4,pca_svd_dim128,True,False,False,True,0.14273091300562762,0.14273091300562762,0.00415887677867531,0.007103035534554863,0.007103035534554863,,0.030252895296620185,0.9309860000000001,0.926038,0.950617,0.9496899999999999,,False,False,False,True,True,success,,549017,0,18147593,334083,16378,38200,0,18842034,132010884,0,25.39811920000011,,0.007157334087695375,True,results\gate21_6_feature_adapter_package\adapter_manifests\HeSF-RCS-APV12+pca_svd_dim128\graph_seed_1\training_seed_4\adapter_manifest.json,944846,,,,,,,
DBLP,HeSF-RCS-APV12+pca_svd_dim128,feature_compressed_adapter,HeSF-RCS-APV12,H6-dirskel-AP100-PA00-PV100-VP00-PTTP00,1,5,pca_svd_dim128,True,False,False,True,0.14273091300562762,0.14273091300562762,0.00415887677867531,0.007103035534554863,0.007103035534554863,,0.030252895296620185,0.9503520000000001,0.946515,0.946502,0.941413,,False,False,False,True,True,success,,549017,0,18147593,334083,16378,38200,0,18842034,132010884,0,15.624406800000088,,0.007157334087695375,True,results\gate21_6_feature_adapter_package\adapter_manifests\HeSF-RCS-APV12+pca_svd_dim128\graph_seed_1\training_seed_5\adapter_manifest.json,944846,,,,,,,
DBLP,HeSF-RCS-APV12+random_projection_dim64,feature_compressed_adapter,HeSF-RCS-APV12,H6-dirskel-AP100-PA00-PV100-VP00-PTTP00,1,1,random_projection_dim64,True,False,False,True,0.10564877362687762,0.10564877362687762,0.00151851115548927,0.004462669911368823,0.004462669911368823,,0.015126447648310093,0.95,0.94586,0.9300409999999999,0.9260120000000001,,False,False,False,True,True,success,,200460,0,13252338,334083,16378,38200,0,13946788,132010884,0,13.18958859999998,,0.004516968464509335,True,results\gate21_6_feature_adapter_package\adapter_manifests\HeSF-RCS-APV12+random_projection_dim64\graph_seed_1\training_seed_1\adapter_manifest.json,596289,,,,,,,
DBLP,HeSF-RCS-APV12+random_projection_dim64,feature_compressed_adapter,HeSF-RCS-APV12,H6-dirskel-AP100-PA00-PV100-VP00-PTTP00,1,2,random_projection_dim64,True,False,False,True,0.10564877362687762,0.10564877362687762,0.00151851115548927,0.004462669911368823,0.004462669911368823,,0.015126447648310093,0.9503520000000001,0.946667,0.9547329999999999,0.9512160000000001,,False,False,False,True,True,success,,200460,0,13252338,334083,16378,38200,0,13946788,132010884,0,13.6982359000001,,0.004516968464509335,True,results\gate21_6_feature_adapter_package\adapter_manifests\HeSF-RCS-APV12+random_projection_dim64\graph_seed_1\training_seed_2\adapter_manifest.json,596289,,,,,,,
DBLP,HeSF-RCS-APV12+random_projection_dim64,feature_compressed_adapter,HeSF-RCS-APV12,H6-dirskel-AP100-PA00-PV100-VP00-PTTP00,1,3,random_projection_dim64,True,False,False,True,0.10564877362687762,0.10564877362687762,0.00151851115548927,0.004462669911368823,0.004462669911368823,,0.015126447648310093,0.9464790000000001,0.9420839999999999,0.946502,0.9424379999999999,,False,False,False,True,True,success,,200460,0,13252338,334083,16378,38200,0,13946788,132010884,0,13.185530700000072,,0.004516968464509335,True,results\gate21_6_feature_adapter_package\adapter_manifests\HeSF-RCS-APV12+random_projection_dim64\graph_seed_1\training_seed_3\adapter_manifest.json,596289,,,,,,,
DBLP,HeSF-RCS-APV12+random_projection_dim64,feature_compressed_adapter,HeSF-RCS-APV12,H6-dirskel-AP100-PA00-PV100-VP00-PTTP00,1,4,random_projection_dim64,True,False,False,True,0.10564877362687762,0.10564877362687762,0.00151851115548927,0.004462669911368823,0.004462669911368823,,0.015126447648310093,0.946127,0.9417310000000001,0.938272,0.937686,,False,False,False,True,True,success,,200460,0,13252338,334083,16378,38200,0,13946788,132010884,0,17.78047259999994,,0.004516968464509335,True,results\gate21_6_feature_adapter_package\adapter_manifests\HeSF-RCS-APV12+random_projection_dim64\graph_seed_1\training_seed_4\adapter_manifest.json,596289,,,,,,,
DBLP,HeSF-RCS-APV12+random_projection_dim64,feature_compressed_adapter,HeSF-RCS-APV12,H6-dirskel-AP100-PA00-PV100-VP00-PTTP00,1,5,random_projection_dim64,True,False,False,True,0.10564877362687762,0.10564877362687762,0.00151851115548927,0.004462669911368823,0.004462669911368823,,0.015126447648310093,0.948944,0.945428,0.942387,0.93719,,False,False,False,True,True,success,,200460,0,13252338,334083,16378,38200,0,13946788,132010884,0,12.87269769999989,,0.004516968464509335,True,results\gate21_6_feature_adapter_package\adapter_manifests\HeSF-RCS-APV12+random_projection_dim64\graph_seed_1\training_seed_5\adapter_manifest.json,596289,,,,,,,
DBLP,HeSF-RCS-APV12+random_projection_dim128,feature_compressed_adapter,HeSF-RCS-APV12,H6-dirskel-AP100-PA00-PV100-VP00-PTTP00,1,1,random_projection_dim128,True,False,False,True,0.14150935463775852,0.14150935463775852,0.004121917704906816,0.00706607646078637,0.00706607646078637,,0.030252895296620185,0.9464790000000001,0.942162,0.942387,0.940105,,False,False,False,True,True,success,,544138,0,17986324,334083,16378,38200,0,18680775,132010884,0,16.253290400000083,,0.007120375013926882,True,results\gate21_6_feature_adapter_package\adapter_manifests\HeSF-RCS-APV12+random_projection_dim128\graph_seed_1\training_seed_1\adapter_manifest.json,939967,,,,,,,
DBLP,HeSF-RCS-APV12+random_projection_dim128,feature_compressed_adapter,HeSF-RCS-APV12,H6-dirskel-AP100-PA00-PV100-VP00-PTTP00,1,2,random_projection_dim128,True,False,False,True,0.14150935463775852,0.14150935463775852,0.004121917704906816,0.00706607646078637,0.00706607646078637,,0.030252895296620185,0.948592,0.944714,0.950617,0.9473619999999999,,False,False,False,True,True,success,,544138,0,17986324,334083,16378,38200,0,18680775,132010884,0,13.42445470000007,,0.007120375013926882,True,results\gate21_6_feature_adapter_package\adapter_manifests\HeSF-RCS-APV12+random_projection_dim128\graph_seed_1\training_seed_2\adapter_manifest.json,939967,,,,,,,
DBLP,HeSF-RCS-APV12+random_projection_dim128,feature_compressed_adapter,HeSF-RCS-APV12,H6-dirskel-AP100-PA00-PV100-VP00-PTTP00,1,3,random_projection_dim128,True,False,False,True,0.14150935463775852,0.14150935463775852,0.004121917704906816,0.00706607646078637,0.00706607646078637,,0.030252895296620185,0.947183,0.9427949999999999,0.942387,0.938376,,False,False,False,True,True,success,,544138,0,17986324,334083,16378,38200,0,18680775,132010884,0,14.094187200000079,,0.007120375013926882,True,results\gate21_6_feature_adapter_package\adapter_manifests\HeSF-RCS-APV12+random_projection_dim128\graph_seed_1\training_seed_3\adapter_manifest.json,939967,,,,,,,
DBLP,HeSF-RCS-APV12+random_projection_dim128,feature_compressed_adapter,HeSF-RCS-APV12,H6-dirskel-AP100-PA00-PV100-VP00-PTTP00,1,4,random_projection_dim128,True,False,False,True,0.14150935463775852,0.14150935463775852,0.004121917704906816,0.00706607646078637,0.00706607646078637,,0.030252895296620185,0.939789,0.934634,0.946502,0.9455469999999999,,False,False,False,True,True,success,,544138,0,17986324,334083,16378,38200,0,18680775,132010884,0,23.536120399999845,,0.007120375013926882,True,results\gate21_6_feature_adapter_package\adapter_manifests\HeSF-RCS-APV12+random_projection_dim128\graph_seed_1\training_seed_4\adapter_manifest.json,939967,,,,,,,
DBLP,HeSF-RCS-APV12+random_projection_dim128,feature_compressed_adapter,HeSF-RCS-APV12,H6-dirskel-AP100-PA00-PV100-VP00-PTTP00,1,5,random_projection_dim128,True,False,False,True,0.14150935463775852,0.14150935463775852,0.004121917704906816,0.00706607646078637,0.00706607646078637,,0.030252895296620185,0.947183,0.943045,0.950617,0.945394,,False,False,False,True,True,success,,544138,0,17986324,334083,16378,38200,0,18680775,132010884,0,15.149002299999893,,0.007120375013926882,True,results\gate21_6_feature_adapter_package\adapter_manifests\HeSF-RCS-APV12+random_projection_dim128\graph_seed_1\training_seed_5\adapter_manifest.json,939967,,,,,,,
DBLP,HeSF-RCS-APV16+fp16_node_features,,HeSF-RCS-APV16,,,,fp16_node_features,,,,,,,,,,,,,,,,,,,,,False,not_run,,,,,,,,,,,,,,,False,,,,,,,,,missing_gate21_5_source_run
DBLP,HeSF-RCS-APV16+int8_per_feature,,HeSF-RCS-APV16,,,,int8_per_feature,,,,,,,,,,,,,,,,,,,,,False,not_run,,,,,,,,,,,,,,,False,,,,,,,,,missing_gate21_5_source_run
DBLP,HeSF-RCS-APV16+pca_svd_dim64,,HeSF-RCS-APV16,,,,pca_svd_dim64,,,,,,,,,,,,,,,,,,,,,False,not_run,,,,,,,,,,,,,,,False,,,,,,,,,missing_gate21_5_source_run
DBLP,HeSF-RCS-APV16+pca_svd_dim128,,HeSF-RCS-APV16,,,,pca_svd_dim128,,,,,,,,,,,,,,,,,,,,,False,not_run,,,,,,,,,,,,,,,False,,,,,,,,,missing_gate21_5_source_run
DBLP,HeSF-RCS-APV16+random_projection_dim64,,HeSF-RCS-APV16,,,,random_projection_dim64,,,,,,,,,,,,,,,,,,,,,False,not_run,,,,,,,,,,,,,,,False,,,,,,,,,missing_gate21_5_source_run
DBLP,HeSF-RCS-APV16+random_projection_dim128,,HeSF-RCS-APV16,,,,random_projection_dim128,,,,,,,,,,,,,,,,,,,,,False,not_run,,,,,,,,,,,,,,,False,,,,,,,,,missing_gate21_5_source_run
